treatment,sigma,num_populations,migration_rate,alpha,lambda,carrying_capacity,metapopulation_generator,number_of_timesteps
1,0.5,2,0.0,0,0.5,1.0,get_random_metapopulation,300
2,0.1,2,0.0,0,0.5,1.0,get_random_metapopulation,300
3,1.0,2,0.0,0,0.5,1.0,get_random_metapopulation,300
4,0.5,2,0.01,0,0.5,1.0,get_random_metapopulation,300
5,0.1,2,0.01,0,0.5,1.0,get_random_metapopulation,300
6,1.0,2,0.01,0,0.5,1.0,get_random_metapopulation,300
7,0.5,2,0.02,0,0.5,1.0,get_random_metapopulation,300
8,0.1,2,0.02,0,0.5,1.0,get_random_metapopulation,300
9,1.0,2,0.02,0,0.5,1.0,get_random_metapopulation,300
10,0.5,2,0.03,0,0.5,1.0,get_random_metapopulation,300
11,0.1,2,0.03,0,0.5,1.0,get_random_metapopulation,300
12,1.0,2,0.03,0,0.5,1.0,get_random_metapopulation,300
13,0.5,2,0.04,0,0.5,1.0,get_random_metapopulation,300
14,0.1,2,0.04,0,0.5,1.0,get_random_metapopulation,300
15,1.0,2,0.04,0,0.5,1.0,get_random_metapopulation,300
16,0.5,2,0.05,0,0.5,1.0,get_random_metapopulation,300
17,0.1,2,0.05,0,0.5,1.0,get_random_metapopulation,300
18,1.0,2,0.05,0,0.5,1.0,get_random_metapopulation,300
19,0.5,2,0.06,0,0.5,1.0,get_random_metapopulation,300
20,0.1,2,0.06,0,0.5,1.0,get_random_metapopulation,300
21,1.0,2,0.06,0,0.5,1.0,get_random_metapopulation,300
22,0.5,2,0.07,0,0.5,1.0,get_random_metapopulation,300
23,0.1,2,0.07,0,0.5,1.0,get_random_metapopulation,300
24,1.0,2,0.07,0,0.5,1.0,get_random_metapopulation,300
25,0.5,2,0.08,0,0.5,1.0,get_random_metapopulation,300
26,0.1,2,0.08,0,0.5,1.0,get_random_metapopulation,300
27,1.0,2,0.08,0,0.5,1.0,get_random_metapopulation,300
28,0.5,2,0.09,0,0.5,1.0,get_random_metapopulation,300
29,0.1,2,0.09,0,0.5,1.0,get_random_metapopulation,300
30,1.0,2,0.09,0,0.5,1.0,get_random_metapopulation,300
31,0.5,2,0.1,0,0.5,1.0,get_random_metapopulation,300
32,0.1,2,0.1,0,0.5,1.0,get_random_metapopulation,300
33,1.0,2,0.1,0,0.5,1.0,get_random_metapopulation,300
34,0.5,2,0.11,0,0.5,1.0,get_random_metapopulation,300
35,0.1,2,0.11,0,0.5,1.0,get_random_metapopulation,300
36,1.0,2,0.11,0,0.5,1.0,get_random_metapopulation,300
37,0.5,2,0.12,0,0.5,1.0,get_random_metapopulation,300
38,0.1,2,0.12,0,0.5,1.0,get_random_metapopulation,300
39,1.0,2,0.12,0,0.5,1.0,get_random_metapopulation,300
40,0.5,2,0.13,0,0.5,1.0,get_random_metapopulation,300
41,0.1,2,0.13,0,0.5,1.0,get_random_metapopulation,300
42,1.0,2,0.13,0,0.5,1.0,get_random_metapopulation,300
43,0.5,2,0.14,0,0.5,1.0,get_random_metapopulation,300
44,0.1,2,0.14,0,0.5,1.0,get_random_metapopulation,300
45,1.0,2,0.14,0,0.5,1.0,get_random_metapopulation,300
46,0.5,2,0.15,0,0.5,1.0,get_random_metapopulation,300
47,0.1,2,0.15,0,0.5,1.0,get_random_metapopulation,300
48,1.0,2,0.15,0,0.5,1.0,get_random_metapopulation,300
49,0.5,2,0.16,0,0.5,1.0,get_random_metapopulation,300
50,0.1,2,0.16,0,0.5,1.0,get_random_metapopulation,300
51,1.0,2,0.16,0,0.5,1.0,get_random_metapopulation,300
52,0.5,2,0.17,0,0.5,1.0,get_random_metapopulation,300
53,0.1,2,0.17,0,0.5,1.0,get_random_metapopulation,300
54,1.0,2,0.17,0,0.5,1.0,get_random_metapopulation,300
55,0.5,2,0.18,0,0.5,1.0,get_random_metapopulation,300
56,0.1,2,0.18,0,0.5,1.0,get_random_metapopulation,300
57,1.0,2,0.18,0,0.5,1.0,get_random_metapopulation,300
58,0.5,2,0.19,0,0.5,1.0,get_random_metapopulation,300
59,0.1,2,0.19,0,0.5,1.0,get_random_metapopulation,300
60,1.0,2,0.19,0,0.5,1.0,get_random_metapopulation,300
61,0.5,2,0.2,0,0.5,1.0,get_random_metapopulation,300
62,0.1,2,0.2,0,0.5,1.0,get_random_metapopulation,300
63,1.0,2,0.2,0,0.5,1.0,get_random_metapopulation,300
64,0.5,2,0.21,0,0.5,1.0,get_random_metapopulation,300
65,0.1,2,0.21,0,0.5,1.0,get_random_metapopulation,300
66,1.0,2,0.21,0,0.5,1.0,get_random_metapopulation,300
67,0.5,2,0.22,0,0.5,1.0,get_random_metapopulation,300
68,0.1,2,0.22,0,0.5,1.0,get_random_metapopulation,300
69,1.0,2,0.22,0,0.5,1.0,get_random_metapopulation,300
70,0.5,2,0.23,0,0.5,1.0,get_random_metapopulation,300
71,0.1,2,0.23,0,0.5,1.0,get_random_metapopulation,300
72,1.0,2,0.23,0,0.5,1.0,get_random_metapopulation,300
73,0.5,2,0.24,0,0.5,1.0,get_random_metapopulation,300
74,0.1,2,0.24,0,0.5,1.0,get_random_metapopulation,300
75,1.0,2,0.24,0,0.5,1.0,get_random_metapopulation,300
76,0.5,2,0.25,0,0.5,1.0,get_random_metapopulation,300
77,0.1,2,0.25,0,0.5,1.0,get_random_metapopulation,300
78,1.0,2,0.25,0,0.5,1.0,get_random_metapopulation,300
79,0.5,2,0.26,0,0.5,1.0,get_random_metapopulation,300
80,0.1,2,0.26,0,0.5,1.0,get_random_metapopulation,300
81,1.0,2,0.26,0,0.5,1.0,get_random_metapopulation,300
82,0.5,2,0.27,0,0.5,1.0,get_random_metapopulation,300
83,0.1,2,0.27,0,0.5,1.0,get_random_metapopulation,300
84,1.0,2,0.27,0,0.5,1.0,get_random_metapopulation,300
85,0.5,2,0.28,0,0.5,1.0,get_random_metapopulation,300
86,0.1,2,0.28,0,0.5,1.0,get_random_metapopulation,300
87,1.0,2,0.28,0,0.5,1.0,get_random_metapopulation,300
88,0.5,2,0.29,0,0.5,1.0,get_random_metapopulation,300
89,0.1,2,0.29,0,0.5,1.0,get_random_metapopulation,300
90,1.0,2,0.29,0,0.5,1.0,get_random_metapopulation,300
91,0.5,2,0.3,0,0.5,1.0,get_random_metapopulation,300
92,0.1,2,0.3,0,0.5,1.0,get_random_metapopulation,300
93,1.0,2,0.3,0,0.5,1.0,get_random_metapopulation,300
94,0.5,2,0.31,0,0.5,1.0,get_random_metapopulation,300
95,0.1,2,0.31,0,0.5,1.0,get_random_metapopulation,300
96,1.0,2,0.31,0,0.5,1.0,get_random_metapopulation,300
97,0.5,2,0.32,0,0.5,1.0,get_random_metapopulation,300
98,0.1,2,0.32,0,0.5,1.0,get_random_metapopulation,300
99,1.0,2,0.32,0,0.5,1.0,get_random_metapopulation,300
100,0.5,2,0.33,0,0.5,1.0,get_random_metapopulation,300
101,0.1,2,0.33,0,0.5,1.0,get_random_metapopulation,300
102,1.0,2,0.33,0,0.5,1.0,get_random_metapopulation,300
103,0.5,2,0.34,0,0.5,1.0,get_random_metapopulation,300
104,0.1,2,0.34,0,0.5,1.0,get_random_metapopulation,300
105,1.0,2,0.34,0,0.5,1.0,get_random_metapopulation,300
106,0.5,2,0.35,0,0.5,1.0,get_random_metapopulation,300
107,0.1,2,0.35,0,0.5,1.0,get_random_metapopulation,300
108,1.0,2,0.35,0,0.5,1.0,get_random_metapopulation,300
109,0.5,2,0.36,0,0.5,1.0,get_random_metapopulation,300
110,0.1,2,0.36,0,0.5,1.0,get_random_metapopulation,300
111,1.0,2,0.36,0,0.5,1.0,get_random_metapopulation,300
112,0.5,2,0.37,0,0.5,1.0,get_random_metapopulation,300
113,0.1,2,0.37,0,0.5,1.0,get_random_metapopulation,300
114,1.0,2,0.37,0,0.5,1.0,get_random_metapopulation,300
115,0.5,2,0.38,0,0.5,1.0,get_random_metapopulation,300
116,0.1,2,0.38,0,0.5,1.0,get_random_metapopulation,300
117,1.0,2,0.38,0,0.5,1.0,get_random_metapopulation,300
118,0.5,2,0.39,0,0.5,1.0,get_random_metapopulation,300
119,0.1,2,0.39,0,0.5,1.0,get_random_metapopulation,300
120,1.0,2,0.39,0,0.5,1.0,get_random_metapopulation,300
121,0.5,2,0.4,0,0.5,1.0,get_random_metapopulation,300
122,0.1,2,0.4,0,0.5,1.0,get_random_metapopulation,300
123,1.0,2,0.4,0,0.5,1.0,get_random_metapopulation,300
124,0.5,2,0.41,0,0.5,1.0,get_random_metapopulation,300
125,0.1,2,0.41,0,0.5,1.0,get_random_metapopulation,300
126,1.0,2,0.41,0,0.5,1.0,get_random_metapopulation,300
127,0.5,2,0.42,0,0.5,1.0,get_random_metapopulation,300
128,0.1,2,0.42,0,0.5,1.0,get_random_metapopulation,300
129,1.0,2,0.42,0,0.5,1.0,get_random_metapopulation,300
130,0.5,2,0.43,0,0.5,1.0,get_random_metapopulation,300
131,0.1,2,0.43,0,0.5,1.0,get_random_metapopulation,300
132,1.0,2,0.43,0,0.5,1.0,get_random_metapopulation,300
133,0.5,2,0.44,0,0.5,1.0,get_random_metapopulation,300
134,0.1,2,0.44,0,0.5,1.0,get_random_metapopulation,300
135,1.0,2,0.44,0,0.5,1.0,get_random_metapopulation,300
136,0.5,2,0.45,0,0.5,1.0,get_random_metapopulation,300
137,0.1,2,0.45,0,0.5,1.0,get_random_metapopulation,300
138,1.0,2,0.45,0,0.5,1.0,get_random_metapopulation,300
139,0.5,2,0.46,0,0.5,1.0,get_random_metapopulation,300
140,0.1,2,0.46,0,0.5,1.0,get_random_metapopulation,300
141,1.0,2,0.46,0,0.5,1.0,get_random_metapopulation,300
142,0.5,2,0.47,0,0.5,1.0,get_random_metapopulation,300
143,0.1,2,0.47,0,0.5,1.0,get_random_metapopulation,300
144,1.0,2,0.47,0,0.5,1.0,get_random_metapopulation,300
145,0.5,2,0.48,0,0.5,1.0,get_random_metapopulation,300
146,0.1,2,0.48,0,0.5,1.0,get_random_metapopulation,300
147,1.0,2,0.48,0,0.5,1.0,get_random_metapopulation,300
148,0.5,2,0.49,0,0.5,1.0,get_random_metapopulation,300
149,0.1,2,0.49,0,0.5,1.0,get_random_metapopulation,300
150,1.0,2,0.49,0,0.5,1.0,get_random_metapopulation,300
151,0.5,2,0.5,0,0.5,1.0,get_random_metapopulation,300
152,0.1,2,0.5,0,0.5,1.0,get_random_metapopulation,300
153,1.0,2,0.5,0,0.5,1.0,get_random_metapopulation,300
154,0.5,2,0.51,0,0.5,1.0,get_random_metapopulation,300
155,0.1,2,0.51,0,0.5,1.0,get_random_metapopulation,300
156,1.0,2,0.51,0,0.5,1.0,get_random_metapopulation,300
157,0.5,2,0.52,0,0.5,1.0,get_random_metapopulation,300
158,0.1,2,0.52,0,0.5,1.0,get_random_metapopulation,300
159,1.0,2,0.52,0,0.5,1.0,get_random_metapopulation,300
160,0.5,2,0.53,0,0.5,1.0,get_random_metapopulation,300
161,0.1,2,0.53,0,0.5,1.0,get_random_metapopulation,300
162,1.0,2,0.53,0,0.5,1.0,get_random_metapopulation,300
163,0.5,2,0.54,0,0.5,1.0,get_random_metapopulation,300
164,0.1,2,0.54,0,0.5,1.0,get_random_metapopulation,300
165,1.0,2,0.54,0,0.5,1.0,get_random_metapopulation,300
166,0.5,2,0.55,0,0.5,1.0,get_random_metapopulation,300
167,0.1,2,0.55,0,0.5,1.0,get_random_metapopulation,300
168,1.0,2,0.55,0,0.5,1.0,get_random_metapopulation,300
169,0.5,2,0.56,0,0.5,1.0,get_random_metapopulation,300
170,0.1,2,0.56,0,0.5,1.0,get_random_metapopulation,300
171,1.0,2,0.56,0,0.5,1.0,get_random_metapopulation,300
172,0.5,2,0.57,0,0.5,1.0,get_random_metapopulation,300
173,0.1,2,0.57,0,0.5,1.0,get_random_metapopulation,300
174,1.0,2,0.57,0,0.5,1.0,get_random_metapopulation,300
175,0.5,2,0.58,0,0.5,1.0,get_random_metapopulation,300
176,0.1,2,0.58,0,0.5,1.0,get_random_metapopulation,300
177,1.0,2,0.58,0,0.5,1.0,get_random_metapopulation,300
178,0.5,2,0.59,0,0.5,1.0,get_random_metapopulation,300
179,0.1,2,0.59,0,0.5,1.0,get_random_metapopulation,300
180,1.0,2,0.59,0,0.5,1.0,get_random_metapopulation,300
181,0.5,2,0.6,0,0.5,1.0,get_random_metapopulation,300
182,0.1,2,0.6,0,0.5,1.0,get_random_metapopulation,300
183,1.0,2,0.6,0,0.5,1.0,get_random_metapopulation,300
184,0.5,2,0.61,0,0.5,1.0,get_random_metapopulation,300
185,0.1,2,0.61,0,0.5,1.0,get_random_metapopulation,300
186,1.0,2,0.61,0,0.5,1.0,get_random_metapopulation,300
187,0.5,2,0.62,0,0.5,1.0,get_random_metapopulation,300
188,0.1,2,0.62,0,0.5,1.0,get_random_metapopulation,300
189,1.0,2,0.62,0,0.5,1.0,get_random_metapopulation,300
190,0.5,2,0.63,0,0.5,1.0,get_random_metapopulation,300
191,0.1,2,0.63,0,0.5,1.0,get_random_metapopulation,300
192,1.0,2,0.63,0,0.5,1.0,get_random_metapopulation,300
193,0.5,2,0.64,0,0.5,1.0,get_random_metapopulation,300
194,0.1,2,0.64,0,0.5,1.0,get_random_metapopulation,300
195,1.0,2,0.64,0,0.5,1.0,get_random_metapopulation,300
196,0.5,2,0.65,0,0.5,1.0,get_random_metapopulation,300
197,0.1,2,0.65,0,0.5,1.0,get_random_metapopulation,300
198,1.0,2,0.65,0,0.5,1.0,get_random_metapopulation,300
199,0.5,2,0.66,0,0.5,1.0,get_random_metapopulation,300
200,0.1,2,0.66,0,0.5,1.0,get_random_metapopulation,300
201,1.0,2,0.66,0,0.5,1.0,get_random_metapopulation,300
202,0.5,2,0.67,0,0.5,1.0,get_random_metapopulation,300
203,0.1,2,0.67,0,0.5,1.0,get_random_metapopulation,300
204,1.0,2,0.67,0,0.5,1.0,get_random_metapopulation,300
205,0.5,2,0.68,0,0.5,1.0,get_random_metapopulation,300
206,0.1,2,0.68,0,0.5,1.0,get_random_metapopulation,300
207,1.0,2,0.68,0,0.5,1.0,get_random_metapopulation,300
208,0.5,2,0.69,0,0.5,1.0,get_random_metapopulation,300
209,0.1,2,0.69,0,0.5,1.0,get_random_metapopulation,300
210,1.0,2,0.69,0,0.5,1.0,get_random_metapopulation,300
211,0.5,2,0.7,0,0.5,1.0,get_random_metapopulation,300
212,0.1,2,0.7,0,0.5,1.0,get_random_metapopulation,300
213,1.0,2,0.7,0,0.5,1.0,get_random_metapopulation,300
214,0.5,2,0.71,0,0.5,1.0,get_random_metapopulation,300
215,0.1,2,0.71,0,0.5,1.0,get_random_metapopulation,300
216,1.0,2,0.71,0,0.5,1.0,get_random_metapopulation,300
217,0.5,2,0.72,0,0.5,1.0,get_random_metapopulation,300
218,0.1,2,0.72,0,0.5,1.0,get_random_metapopulation,300
219,1.0,2,0.72,0,0.5,1.0,get_random_metapopulation,300
220,0.5,2,0.73,0,0.5,1.0,get_random_metapopulation,300
221,0.1,2,0.73,0,0.5,1.0,get_random_metapopulation,300
222,1.0,2,0.73,0,0.5,1.0,get_random_metapopulation,300
223,0.5,2,0.74,0,0.5,1.0,get_random_metapopulation,300
224,0.1,2,0.74,0,0.5,1.0,get_random_metapopulation,300
225,1.0,2,0.74,0,0.5,1.0,get_random_metapopulation,300
226,0.5,2,0.75,0,0.5,1.0,get_random_metapopulation,300
227,0.1,2,0.75,0,0.5,1.0,get_random_metapopulation,300
228,1.0,2,0.75,0,0.5,1.0,get_random_metapopulation,300
229,0.5,2,0.76,0,0.5,1.0,get_random_metapopulation,300
230,0.1,2,0.76,0,0.5,1.0,get_random_metapopulation,300
231,1.0,2,0.76,0,0.5,1.0,get_random_metapopulation,300
232,0.5,2,0.77,0,0.5,1.0,get_random_metapopulation,300
233,0.1,2,0.77,0,0.5,1.0,get_random_metapopulation,300
234,1.0,2,0.77,0,0.5,1.0,get_random_metapopulation,300
235,0.5,2,0.78,0,0.5,1.0,get_random_metapopulation,300
236,0.1,2,0.78,0,0.5,1.0,get_random_metapopulation,300
237,1.0,2,0.78,0,0.5,1.0,get_random_metapopulation,300
238,0.5,2,0.79,0,0.5,1.0,get_random_metapopulation,300
239,0.1,2,0.79,0,0.5,1.0,get_random_metapopulation,300
240,1.0,2,0.79,0,0.5,1.0,get_random_metapopulation,300
241,0.5,2,0.8,0,0.5,1.0,get_random_metapopulation,300
242,0.1,2,0.8,0,0.5,1.0,get_random_metapopulation,300
243,1.0,2,0.8,0,0.5,1.0,get_random_metapopulation,300
244,0.5,2,0.81,0,0.5,1.0,get_random_metapopulation,300
245,0.1,2,0.81,0,0.5,1.0,get_random_metapopulation,300
246,1.0,2,0.81,0,0.5,1.0,get_random_metapopulation,300
247,0.5,2,0.82,0,0.5,1.0,get_random_metapopulation,300
248,0.1,2,0.82,0,0.5,1.0,get_random_metapopulation,300
249,1.0,2,0.82,0,0.5,1.0,get_random_metapopulation,300
250,0.5,2,0.83,0,0.5,1.0,get_random_metapopulation,300
251,0.1,2,0.83,0,0.5,1.0,get_random_metapopulation,300
252,1.0,2,0.83,0,0.5,1.0,get_random_metapopulation,300
253,0.5,2,0.84,0,0.5,1.0,get_random_metapopulation,300
254,0.1,2,0.84,0,0.5,1.0,get_random_metapopulation,300
255,1.0,2,0.84,0,0.5,1.0,get_random_metapopulation,300
256,0.5,2,0.85,0,0.5,1.0,get_random_metapopulation,300
257,0.1,2,0.85,0,0.5,1.0,get_random_metapopulation,300
258,1.0,2,0.85,0,0.5,1.0,get_random_metapopulation,300
259,0.5,2,0.86,0,0.5,1.0,get_random_metapopulation,300
260,0.1,2,0.86,0,0.5,1.0,get_random_metapopulation,300
261,1.0,2,0.86,0,0.5,1.0,get_random_metapopulation,300
262,0.5,2,0.87,0,0.5,1.0,get_random_metapopulation,300
263,0.1,2,0.87,0,0.5,1.0,get_random_metapopulation,300
264,1.0,2,0.87,0,0.5,1.0,get_random_metapopulation,300
265,0.5,2,0.88,0,0.5,1.0,get_random_metapopulation,300
266,0.1,2,0.88,0,0.5,1.0,get_random_metapopulation,300
267,1.0,2,0.88,0,0.5,1.0,get_random_metapopulation,300
268,0.5,2,0.89,0,0.5,1.0,get_random_metapopulation,300
269,0.1,2,0.89,0,0.5,1.0,get_random_metapopulation,300
270,1.0,2,0.89,0,0.5,1.0,get_random_metapopulation,300
271,0.5,2,0.9,0,0.5,1.0,get_random_metapopulation,300
272,0.1,2,0.9,0,0.5,1.0,get_random_metapopulation,300
273,1.0,2,0.9,0,0.5,1.0,get_random_metapopulation,300
274,0.5,2,0.91,0,0.5,1.0,get_random_metapopulation,300
275,0.1,2,0.91,0,0.5,1.0,get_random_metapopulation,300
276,1.0,2,0.91,0,0.5,1.0,get_random_metapopulation,300
277,0.5,2,0.92,0,0.5,1.0,get_random_metapopulation,300
278,0.1,2,0.92,0,0.5,1.0,get_random_metapopulation,300
279,1.0,2,0.92,0,0.5,1.0,get_random_metapopulation,300
280,0.5,2,0.93,0,0.5,1.0,get_random_metapopulation,300
281,0.1,2,0.93,0,0.5,1.0,get_random_metapopulation,300
282,1.0,2,0.93,0,0.5,1.0,get_random_metapopulation,300
283,0.5,2,0.94,0,0.5,1.0,get_random_metapopulation,300
284,0.1,2,0.94,0,0.5,1.0,get_random_metapopulation,300
285,1.0,2,0.94,0,0.5,1.0,get_random_metapopulation,300
286,0.5,2,0.95,0,0.5,1.0,get_random_metapopulation,300
287,0.1,2,0.95,0,0.5,1.0,get_random_metapopulation,300
288,1.0,2,0.95,0,0.5,1.0,get_random_metapopulation,300
289,0.5,2,0.96,0,0.5,1.0,get_random_metapopulation,300
290,0.1,2,0.96,0,0.5,1.0,get_random_metapopulation,300
291,1.0,2,0.96,0,0.5,1.0,get_random_metapopulation,300
292,0.5,2,0.97,0,0.5,1.0,get_random_metapopulation,300
293,0.1,2,0.97,0,0.5,1.0,get_random_metapopulation,300
294,1.0,2,0.97,0,0.5,1.0,get_random_metapopulation,300
295,0.5,2,0.98,0,0.5,1.0,get_random_metapopulation,300
296,0.1,2,0.98,0,0.5,1.0,get_random_metapopulation,300
297,1.0,2,0.98,0,0.5,1.0,get_random_metapopulation,300
298,0.5,2,0.99,0,0.5,1.0,get_random_metapopulation,300
299,0.1,2,0.99,0,0.5,1.0,get_random_metapopulation,300
300,1.0,2,0.99,0,0.5,1.0,get_random_metapopulation,300
301,0.5,2,1.0,0,0.5,1.0,get_random_metapopulation,300
302,0.1,2,1.0,0,0.5,1.0,get_random_metapopulation,300
303,1.0,2,1.0,0,0.5,1.0,get_random_metapopulation,300
304,0.5,2,0.0,0,1.0,1.0,get_random_metapopulation,300
305,0.1,2,0.0,0,1.0,1.0,get_random_metapopulation,300
306,1.0,2,0.0,0,1.0,1.0,get_random_metapopulation,300
307,0.5,2,0.01,0,1.0,1.0,get_random_metapopulation,300
308,0.1,2,0.01,0,1.0,1.0,get_random_metapopulation,300
309,1.0,2,0.01,0,1.0,1.0,get_random_metapopulation,300
310,0.5,2,0.02,0,1.0,1.0,get_random_metapopulation,300
311,0.1,2,0.02,0,1.0,1.0,get_random_metapopulation,300
312,1.0,2,0.02,0,1.0,1.0,get_random_metapopulation,300
313,0.5,2,0.03,0,1.0,1.0,get_random_metapopulation,300
314,0.1,2,0.03,0,1.0,1.0,get_random_metapopulation,300
315,1.0,2,0.03,0,1.0,1.0,get_random_metapopulation,300
316,0.5,2,0.04,0,1.0,1.0,get_random_metapopulation,300
317,0.1,2,0.04,0,1.0,1.0,get_random_metapopulation,300
318,1.0,2,0.04,0,1.0,1.0,get_random_metapopulation,300
319,0.5,2,0.05,0,1.0,1.0,get_random_metapopulation,300
320,0.1,2,0.05,0,1.0,1.0,get_random_metapopulation,300
321,1.0,2,0.05,0,1.0,1.0,get_random_metapopulation,300
322,0.5,2,0.06,0,1.0,1.0,get_random_metapopulation,300
323,0.1,2,0.06,0,1.0,1.0,get_random_metapopulation,300
324,1.0,2,0.06,0,1.0,1.0,get_random_metapopulation,300
325,0.5,2,0.07,0,1.0,1.0,get_random_metapopulation,300
326,0.1,2,0.07,0,1.0,1.0,get_random_metapopulation,300
327,1.0,2,0.07,0,1.0,1.0,get_random_metapopulation,300
328,0.5,2,0.08,0,1.0,1.0,get_random_metapopulation,300
329,0.1,2,0.08,0,1.0,1.0,get_random_metapopulation,300
330,1.0,2,0.08,0,1.0,1.0,get_random_metapopulation,300
331,0.5,2,0.09,0,1.0,1.0,get_random_metapopulation,300
332,0.1,2,0.09,0,1.0,1.0,get_random_metapopulation,300
333,1.0,2,0.09,0,1.0,1.0,get_random_metapopulation,300
334,0.5,2,0.1,0,1.0,1.0,get_random_metapopulation,300
335,0.1,2,0.1,0,1.0,1.0,get_random_metapopulation,300
336,1.0,2,0.1,0,1.0,1.0,get_random_metapopulation,300
337,0.5,2,0.11,0,1.0,1.0,get_random_metapopulation,300
338,0.1,2,0.11,0,1.0,1.0,get_random_metapopulation,300
339,1.0,2,0.11,0,1.0,1.0,get_random_metapopulation,300
340,0.5,2,0.12,0,1.0,1.0,get_random_metapopulation,300
341,0.1,2,0.12,0,1.0,1.0,get_random_metapopulation,300
342,1.0,2,0.12,0,1.0,1.0,get_random_metapopulation,300
343,0.5,2,0.13,0,1.0,1.0,get_random_metapopulation,300
344,0.1,2,0.13,0,1.0,1.0,get_random_metapopulation,300
345,1.0,2,0.13,0,1.0,1.0,get_random_metapopulation,300
346,0.5,2,0.14,0,1.0,1.0,get_random_metapopulation,300
347,0.1,2,0.14,0,1.0,1.0,get_random_metapopulation,300
348,1.0,2,0.14,0,1.0,1.0,get_random_metapopulation,300
349,0.5,2,0.15,0,1.0,1.0,get_random_metapopulation,300
350,0.1,2,0.15,0,1.0,1.0,get_random_metapopulation,300
351,1.0,2,0.15,0,1.0,1.0,get_random_metapopulation,300
352,0.5,2,0.16,0,1.0,1.0,get_random_metapopulation,300
353,0.1,2,0.16,0,1.0,1.0,get_random_metapopulation,300
354,1.0,2,0.16,0,1.0,1.0,get_random_metapopulation,300
355,0.5,2,0.17,0,1.0,1.0,get_random_metapopulation,300
356,0.1,2,0.17,0,1.0,1.0,get_random_metapopulation,300
357,1.0,2,0.17,0,1.0,1.0,get_random_metapopulation,300
358,0.5,2,0.18,0,1.0,1.0,get_random_metapopulation,300
359,0.1,2,0.18,0,1.0,1.0,get_random_metapopulation,300
360,1.0,2,0.18,0,1.0,1.0,get_random_metapopulation,300
361,0.5,2,0.19,0,1.0,1.0,get_random_metapopulation,300
362,0.1,2,0.19,0,1.0,1.0,get_random_metapopulation,300
363,1.0,2,0.19,0,1.0,1.0,get_random_metapopulation,300
364,0.5,2,0.2,0,1.0,1.0,get_random_metapopulation,300
365,0.1,2,0.2,0,1.0,1.0,get_random_metapopulation,300
366,1.0,2,0.2,0,1.0,1.0,get_random_metapopulation,300
367,0.5,2,0.21,0,1.0,1.0,get_random_metapopulation,300
368,0.1,2,0.21,0,1.0,1.0,get_random_metapopulation,300
369,1.0,2,0.21,0,1.0,1.0,get_random_metapopulation,300
370,0.5,2,0.22,0,1.0,1.0,get_random_metapopulation,300
371,0.1,2,0.22,0,1.0,1.0,get_random_metapopulation,300
372,1.0,2,0.22,0,1.0,1.0,get_random_metapopulation,300
373,0.5,2,0.23,0,1.0,1.0,get_random_metapopulation,300
374,0.1,2,0.23,0,1.0,1.0,get_random_metapopulation,300
375,1.0,2,0.23,0,1.0,1.0,get_random_metapopulation,300
376,0.5,2,0.24,0,1.0,1.0,get_random_metapopulation,300
377,0.1,2,0.24,0,1.0,1.0,get_random_metapopulation,300
378,1.0,2,0.24,0,1.0,1.0,get_random_metapopulation,300
379,0.5,2,0.25,0,1.0,1.0,get_random_metapopulation,300
380,0.1,2,0.25,0,1.0,1.0,get_random_metapopulation,300
381,1.0,2,0.25,0,1.0,1.0,get_random_metapopulation,300
382,0.5,2,0.26,0,1.0,1.0,get_random_metapopulation,300
383,0.1,2,0.26,0,1.0,1.0,get_random_metapopulation,300
384,1.0,2,0.26,0,1.0,1.0,get_random_metapopulation,300
385,0.5,2,0.27,0,1.0,1.0,get_random_metapopulation,300
386,0.1,2,0.27,0,1.0,1.0,get_random_metapopulation,300
387,1.0,2,0.27,0,1.0,1.0,get_random_metapopulation,300
388,0.5,2,0.28,0,1.0,1.0,get_random_metapopulation,300
389,0.1,2,0.28,0,1.0,1.0,get_random_metapopulation,300
390,1.0,2,0.28,0,1.0,1.0,get_random_metapopulation,300
391,0.5,2,0.29,0,1.0,1.0,get_random_metapopulation,300
392,0.1,2,0.29,0,1.0,1.0,get_random_metapopulation,300
393,1.0,2,0.29,0,1.0,1.0,get_random_metapopulation,300
394,0.5,2,0.3,0,1.0,1.0,get_random_metapopulation,300
395,0.1,2,0.3,0,1.0,1.0,get_random_metapopulation,300
396,1.0,2,0.3,0,1.0,1.0,get_random_metapopulation,300
397,0.5,2,0.31,0,1.0,1.0,get_random_metapopulation,300
398,0.1,2,0.31,0,1.0,1.0,get_random_metapopulation,300
399,1.0,2,0.31,0,1.0,1.0,get_random_metapopulation,300
400,0.5,2,0.32,0,1.0,1.0,get_random_metapopulation,300
401,0.1,2,0.32,0,1.0,1.0,get_random_metapopulation,300
402,1.0,2,0.32,0,1.0,1.0,get_random_metapopulation,300
403,0.5,2,0.33,0,1.0,1.0,get_random_metapopulation,300
404,0.1,2,0.33,0,1.0,1.0,get_random_metapopulation,300
405,1.0,2,0.33,0,1.0,1.0,get_random_metapopulation,300
406,0.5,2,0.34,0,1.0,1.0,get_random_metapopulation,300
407,0.1,2,0.34,0,1.0,1.0,get_random_metapopulation,300
408,1.0,2,0.34,0,1.0,1.0,get_random_metapopulation,300
409,0.5,2,0.35,0,1.0,1.0,get_random_metapopulation,300
410,0.1,2,0.35,0,1.0,1.0,get_random_metapopulation,300
411,1.0,2,0.35,0,1.0,1.0,get_random_metapopulation,300
412,0.5,2,0.36,0,1.0,1.0,get_random_metapopulation,300
413,0.1,2,0.36,0,1.0,1.0,get_random_metapopulation,300
414,1.0,2,0.36,0,1.0,1.0,get_random_metapopulation,300
415,0.5,2,0.37,0,1.0,1.0,get_random_metapopulation,300
416,0.1,2,0.37,0,1.0,1.0,get_random_metapopulation,300
417,1.0,2,0.37,0,1.0,1.0,get_random_metapopulation,300
418,0.5,2,0.38,0,1.0,1.0,get_random_metapopulation,300
419,0.1,2,0.38,0,1.0,1.0,get_random_metapopulation,300
420,1.0,2,0.38,0,1.0,1.0,get_random_metapopulation,300
421,0.5,2,0.39,0,1.0,1.0,get_random_metapopulation,300
422,0.1,2,0.39,0,1.0,1.0,get_random_metapopulation,300
423,1.0,2,0.39,0,1.0,1.0,get_random_metapopulation,300
424,0.5,2,0.4,0,1.0,1.0,get_random_metapopulation,300
425,0.1,2,0.4,0,1.0,1.0,get_random_metapopulation,300
426,1.0,2,0.4,0,1.0,1.0,get_random_metapopulation,300
427,0.5,2,0.41,0,1.0,1.0,get_random_metapopulation,300
428,0.1,2,0.41,0,1.0,1.0,get_random_metapopulation,300
429,1.0,2,0.41,0,1.0,1.0,get_random_metapopulation,300
430,0.5,2,0.42,0,1.0,1.0,get_random_metapopulation,300
431,0.1,2,0.42,0,1.0,1.0,get_random_metapopulation,300
432,1.0,2,0.42,0,1.0,1.0,get_random_metapopulation,300
433,0.5,2,0.43,0,1.0,1.0,get_random_metapopulation,300
434,0.1,2,0.43,0,1.0,1.0,get_random_metapopulation,300
435,1.0,2,0.43,0,1.0,1.0,get_random_metapopulation,300
436,0.5,2,0.44,0,1.0,1.0,get_random_metapopulation,300
437,0.1,2,0.44,0,1.0,1.0,get_random_metapopulation,300
438,1.0,2,0.44,0,1.0,1.0,get_random_metapopulation,300
439,0.5,2,0.45,0,1.0,1.0,get_random_metapopulation,300
440,0.1,2,0.45,0,1.0,1.0,get_random_metapopulation,300
441,1.0,2,0.45,0,1.0,1.0,get_random_metapopulation,300
442,0.5,2,0.46,0,1.0,1.0,get_random_metapopulation,300
443,0.1,2,0.46,0,1.0,1.0,get_random_metapopulation,300
444,1.0,2,0.46,0,1.0,1.0,get_random_metapopulation,300
445,0.5,2,0.47,0,1.0,1.0,get_random_metapopulation,300
446,0.1,2,0.47,0,1.0,1.0,get_random_metapopulation,300
447,1.0,2,0.47,0,1.0,1.0,get_random_metapopulation,300
448,0.5,2,0.48,0,1.0,1.0,get_random_metapopulation,300
449,0.1,2,0.48,0,1.0,1.0,get_random_metapopulation,300
450,1.0,2,0.48,0,1.0,1.0,get_random_metapopulation,300
451,0.5,2,0.49,0,1.0,1.0,get_random_metapopulation,300
452,0.1,2,0.49,0,1.0,1.0,get_random_metapopulation,300
453,1.0,2,0.49,0,1.0,1.0,get_random_metapopulation,300
454,0.5,2,0.5,0,1.0,1.0,get_random_metapopulation,300
455,0.1,2,0.5,0,1.0,1.0,get_random_metapopulation,300
456,1.0,2,0.5,0,1.0,1.0,get_random_metapopulation,300
457,0.5,2,0.51,0,1.0,1.0,get_random_metapopulation,300
458,0.1,2,0.51,0,1.0,1.0,get_random_metapopulation,300
459,1.0,2,0.51,0,1.0,1.0,get_random_metapopulation,300
460,0.5,2,0.52,0,1.0,1.0,get_random_metapopulation,300
461,0.1,2,0.52,0,1.0,1.0,get_random_metapopulation,300
462,1.0,2,0.52,0,1.0,1.0,get_random_metapopulation,300
463,0.5,2,0.53,0,1.0,1.0,get_random_metapopulation,300
464,0.1,2,0.53,0,1.0,1.0,get_random_metapopulation,300
465,1.0,2,0.53,0,1.0,1.0,get_random_metapopulation,300
466,0.5,2,0.54,0,1.0,1.0,get_random_metapopulation,300
467,0.1,2,0.54,0,1.0,1.0,get_random_metapopulation,300
468,1.0,2,0.54,0,1.0,1.0,get_random_metapopulation,300
469,0.5,2,0.55,0,1.0,1.0,get_random_metapopulation,300
470,0.1,2,0.55,0,1.0,1.0,get_random_metapopulation,300
471,1.0,2,0.55,0,1.0,1.0,get_random_metapopulation,300
472,0.5,2,0.56,0,1.0,1.0,get_random_metapopulation,300
473,0.1,2,0.56,0,1.0,1.0,get_random_metapopulation,300
474,1.0,2,0.56,0,1.0,1.0,get_random_metapopulation,300
475,0.5,2,0.57,0,1.0,1.0,get_random_metapopulation,300
476,0.1,2,0.57,0,1.0,1.0,get_random_metapopulation,300
477,1.0,2,0.57,0,1.0,1.0,get_random_metapopulation,300
478,0.5,2,0.58,0,1.0,1.0,get_random_metapopulation,300
479,0.1,2,0.58,0,1.0,1.0,get_random_metapopulation,300
480,1.0,2,0.58,0,1.0,1.0,get_random_metapopulation,300
481,0.5,2,0.59,0,1.0,1.0,get_random_metapopulation,300
482,0.1,2,0.59,0,1.0,1.0,get_random_metapopulation,300
483,1.0,2,0.59,0,1.0,1.0,get_random_metapopulation,300
484,0.5,2,0.6,0,1.0,1.0,get_random_metapopulation,300
485,0.1,2,0.6,0,1.0,1.0,get_random_metapopulation,300
486,1.0,2,0.6,0,1.0,1.0,get_random_metapopulation,300
487,0.5,2,0.61,0,1.0,1.0,get_random_metapopulation,300
488,0.1,2,0.61,0,1.0,1.0,get_random_metapopulation,300
489,1.0,2,0.61,0,1.0,1.0,get_random_metapopulation,300
490,0.5,2,0.62,0,1.0,1.0,get_random_metapopulation,300
491,0.1,2,0.62,0,1.0,1.0,get_random_metapopulation,300
492,1.0,2,0.62,0,1.0,1.0,get_random_metapopulation,300
493,0.5,2,0.63,0,1.0,1.0,get_random_metapopulation,300
494,0.1,2,0.63,0,1.0,1.0,get_random_metapopulation,300
495,1.0,2,0.63,0,1.0,1.0,get_random_metapopulation,300
496,0.5,2,0.64,0,1.0,1.0,get_random_metapopulation,300
497,0.1,2,0.64,0,1.0,1.0,get_random_metapopulation,300
498,1.0,2,0.64,0,1.0,1.0,get_random_metapopulation,300
499,0.5,2,0.65,0,1.0,1.0,get_random_metapopulation,300
500,0.1,2,0.65,0,1.0,1.0,get_random_metapopulation,300
501,1.0,2,0.65,0,1.0,1.0,get_random_metapopulation,300
502,0.5,2,0.66,0,1.0,1.0,get_random_metapopulation,300
503,0.1,2,0.66,0,1.0,1.0,get_random_metapopulation,300
504,1.0,2,0.66,0,1.0,1.0,get_random_metapopulation,300
505,0.5,2,0.67,0,1.0,1.0,get_random_metapopulation,300
506,0.1,2,0.67,0,1.0,1.0,get_random_metapopulation,300
507,1.0,2,0.67,0,1.0,1.0,get_random_metapopulation,300
508,0.5,2,0.68,0,1.0,1.0,get_random_metapopulation,300
509,0.1,2,0.68,0,1.0,1.0,get_random_metapopulation,300
510,1.0,2,0.68,0,1.0,1.0,get_random_metapopulation,300
511,0.5,2,0.69,0,1.0,1.0,get_random_metapopulation,300
512,0.1,2,0.69,0,1.0,1.0,get_random_metapopulation,300
513,1.0,2,0.69,0,1.0,1.0,get_random_metapopulation,300
514,0.5,2,0.7,0,1.0,1.0,get_random_metapopulation,300
515,0.1,2,0.7,0,1.0,1.0,get_random_metapopulation,300
516,1.0,2,0.7,0,1.0,1.0,get_random_metapopulation,300
517,0.5,2,0.71,0,1.0,1.0,get_random_metapopulation,300
518,0.1,2,0.71,0,1.0,1.0,get_random_metapopulation,300
519,1.0,2,0.71,0,1.0,1.0,get_random_metapopulation,300
520,0.5,2,0.72,0,1.0,1.0,get_random_metapopulation,300
521,0.1,2,0.72,0,1.0,1.0,get_random_metapopulation,300
522,1.0,2,0.72,0,1.0,1.0,get_random_metapopulation,300
523,0.5,2,0.73,0,1.0,1.0,get_random_metapopulation,300
524,0.1,2,0.73,0,1.0,1.0,get_random_metapopulation,300
525,1.0,2,0.73,0,1.0,1.0,get_random_metapopulation,300
526,0.5,2,0.74,0,1.0,1.0,get_random_metapopulation,300
527,0.1,2,0.74,0,1.0,1.0,get_random_metapopulation,300
528,1.0,2,0.74,0,1.0,1.0,get_random_metapopulation,300
529,0.5,2,0.75,0,1.0,1.0,get_random_metapopulation,300
530,0.1,2,0.75,0,1.0,1.0,get_random_metapopulation,300
531,1.0,2,0.75,0,1.0,1.0,get_random_metapopulation,300
532,0.5,2,0.76,0,1.0,1.0,get_random_metapopulation,300
533,0.1,2,0.76,0,1.0,1.0,get_random_metapopulation,300
534,1.0,2,0.76,0,1.0,1.0,get_random_metapopulation,300
535,0.5,2,0.77,0,1.0,1.0,get_random_metapopulation,300
536,0.1,2,0.77,0,1.0,1.0,get_random_metapopulation,300
537,1.0,2,0.77,0,1.0,1.0,get_random_metapopulation,300
538,0.5,2,0.78,0,1.0,1.0,get_random_metapopulation,300
539,0.1,2,0.78,0,1.0,1.0,get_random_metapopulation,300
540,1.0,2,0.78,0,1.0,1.0,get_random_metapopulation,300
541,0.5,2,0.79,0,1.0,1.0,get_random_metapopulation,300
542,0.1,2,0.79,0,1.0,1.0,get_random_metapopulation,300
543,1.0,2,0.79,0,1.0,1.0,get_random_metapopulation,300
544,0.5,2,0.8,0,1.0,1.0,get_random_metapopulation,300
545,0.1,2,0.8,0,1.0,1.0,get_random_metapopulation,300
546,1.0,2,0.8,0,1.0,1.0,get_random_metapopulation,300
547,0.5,2,0.81,0,1.0,1.0,get_random_metapopulation,300
548,0.1,2,0.81,0,1.0,1.0,get_random_metapopulation,300
549,1.0,2,0.81,0,1.0,1.0,get_random_metapopulation,300
550,0.5,2,0.82,0,1.0,1.0,get_random_metapopulation,300
551,0.1,2,0.82,0,1.0,1.0,get_random_metapopulation,300
552,1.0,2,0.82,0,1.0,1.0,get_random_metapopulation,300
553,0.5,2,0.83,0,1.0,1.0,get_random_metapopulation,300
554,0.1,2,0.83,0,1.0,1.0,get_random_metapopulation,300
555,1.0,2,0.83,0,1.0,1.0,get_random_metapopulation,300
556,0.5,2,0.84,0,1.0,1.0,get_random_metapopulation,300
557,0.1,2,0.84,0,1.0,1.0,get_random_metapopulation,300
558,1.0,2,0.84,0,1.0,1.0,get_random_metapopulation,300
559,0.5,2,0.85,0,1.0,1.0,get_random_metapopulation,300
560,0.1,2,0.85,0,1.0,1.0,get_random_metapopulation,300
561,1.0,2,0.85,0,1.0,1.0,get_random_metapopulation,300
562,0.5,2,0.86,0,1.0,1.0,get_random_metapopulation,300
563,0.1,2,0.86,0,1.0,1.0,get_random_metapopulation,300
564,1.0,2,0.86,0,1.0,1.0,get_random_metapopulation,300
565,0.5,2,0.87,0,1.0,1.0,get_random_metapopulation,300
566,0.1,2,0.87,0,1.0,1.0,get_random_metapopulation,300
567,1.0,2,0.87,0,1.0,1.0,get_random_metapopulation,300
568,0.5,2,0.88,0,1.0,1.0,get_random_metapopulation,300
569,0.1,2,0.88,0,1.0,1.0,get_random_metapopulation,300
570,1.0,2,0.88,0,1.0,1.0,get_random_metapopulation,300
571,0.5,2,0.89,0,1.0,1.0,get_random_metapopulation,300
572,0.1,2,0.89,0,1.0,1.0,get_random_metapopulation,300
573,1.0,2,0.89,0,1.0,1.0,get_random_metapopulation,300
574,0.5,2,0.9,0,1.0,1.0,get_random_metapopulation,300
575,0.1,2,0.9,0,1.0,1.0,get_random_metapopulation,300
576,1.0,2,0.9,0,1.0,1.0,get_random_metapopulation,300
577,0.5,2,0.91,0,1.0,1.0,get_random_metapopulation,300
578,0.1,2,0.91,0,1.0,1.0,get_random_metapopulation,300
579,1.0,2,0.91,0,1.0,1.0,get_random_metapopulation,300
580,0.5,2,0.92,0,1.0,1.0,get_random_metapopulation,300
581,0.1,2,0.92,0,1.0,1.0,get_random_metapopulation,300
582,1.0,2,0.92,0,1.0,1.0,get_random_metapopulation,300
583,0.5,2,0.93,0,1.0,1.0,get_random_metapopulation,300
584,0.1,2,0.93,0,1.0,1.0,get_random_metapopulation,300
585,1.0,2,0.93,0,1.0,1.0,get_random_metapopulation,300
586,0.5,2,0.94,0,1.0,1.0,get_random_metapopulation,300
587,0.1,2,0.94,0,1.0,1.0,get_random_metapopulation,300
588,1.0,2,0.94,0,1.0,1.0,get_random_metapopulation,300
589,0.5,2,0.95,0,1.0,1.0,get_random_metapopulation,300
590,0.1,2,0.95,0,1.0,1.0,get_random_metapopulation,300
591,1.0,2,0.95,0,1.0,1.0,get_random_metapopulation,300
592,0.5,2,0.96,0,1.0,1.0,get_random_metapopulation,300
593,0.1,2,0.96,0,1.0,1.0,get_random_metapopulation,300
594,1.0,2,0.96,0,1.0,1.0,get_random_metapopulation,300
595,0.5,2,0.97,0,1.0,1.0,get_random_metapopulation,300
596,0.1,2,0.97,0,1.0,1.0,get_random_metapopulation,300
597,1.0,2,0.97,0,1.0,1.0,get_random_metapopulation,300
598,0.5,2,0.98,0,1.0,1.0,get_random_metapopulation,300
599,0.1,2,0.98,0,1.0,1.0,get_random_metapopulation,300
600,1.0,2,0.98,0,1.0,1.0,get_random_metapopulation,300
601,0.5,2,0.99,0,1.0,1.0,get_random_metapopulation,300
602,0.1,2,0.99,0,1.0,1.0,get_random_metapopulation,300
603,1.0,2,0.99,0,1.0,1.0,get_random_metapopulation,300
604,0.5,2,1.0,0,1.0,1.0,get_random_metapopulation,300
605,0.1,2,1.0,0,1.0,1.0,get_random_metapopulation,300
606,1.0,2,1.0,0,1.0,1.0,get_random_metapopulation,300
607,0.5,2,0.0,0,2.0,1.0,get_random_metapopulation,300
608,0.1,2,0.0,0,2.0,1.0,get_random_metapopulation,300
609,1.0,2,0.0,0,2.0,1.0,get_random_metapopulation,300
610,0.5,2,0.01,0,2.0,1.0,get_random_metapopulation,300
611,0.1,2,0.01,0,2.0,1.0,get_random_metapopulation,300
612,1.0,2,0.01,0,2.0,1.0,get_random_metapopulation,300
613,0.5,2,0.02,0,2.0,1.0,get_random_metapopulation,300
614,0.1,2,0.02,0,2.0,1.0,get_random_metapopulation,300
615,1.0,2,0.02,0,2.0,1.0,get_random_metapopulation,300
616,0.5,2,0.03,0,2.0,1.0,get_random_metapopulation,300
617,0.1,2,0.03,0,2.0,1.0,get_random_metapopulation,300
618,1.0,2,0.03,0,2.0,1.0,get_random_metapopulation,300
619,0.5,2,0.04,0,2.0,1.0,get_random_metapopulation,300
620,0.1,2,0.04,0,2.0,1.0,get_random_metapopulation,300
621,1.0,2,0.04,0,2.0,1.0,get_random_metapopulation,300
622,0.5,2,0.05,0,2.0,1.0,get_random_metapopulation,300
623,0.1,2,0.05,0,2.0,1.0,get_random_metapopulation,300
624,1.0,2,0.05,0,2.0,1.0,get_random_metapopulation,300
625,0.5,2,0.06,0,2.0,1.0,get_random_metapopulation,300
626,0.1,2,0.06,0,2.0,1.0,get_random_metapopulation,300
627,1.0,2,0.06,0,2.0,1.0,get_random_metapopulation,300
628,0.5,2,0.07,0,2.0,1.0,get_random_metapopulation,300
629,0.1,2,0.07,0,2.0,1.0,get_random_metapopulation,300
630,1.0,2,0.07,0,2.0,1.0,get_random_metapopulation,300
631,0.5,2,0.08,0,2.0,1.0,get_random_metapopulation,300
632,0.1,2,0.08,0,2.0,1.0,get_random_metapopulation,300
633,1.0,2,0.08,0,2.0,1.0,get_random_metapopulation,300
634,0.5,2,0.09,0,2.0,1.0,get_random_metapopulation,300
635,0.1,2,0.09,0,2.0,1.0,get_random_metapopulation,300
636,1.0,2,0.09,0,2.0,1.0,get_random_metapopulation,300
637,0.5,2,0.1,0,2.0,1.0,get_random_metapopulation,300
638,0.1,2,0.1,0,2.0,1.0,get_random_metapopulation,300
639,1.0,2,0.1,0,2.0,1.0,get_random_metapopulation,300
640,0.5,2,0.11,0,2.0,1.0,get_random_metapopulation,300
641,0.1,2,0.11,0,2.0,1.0,get_random_metapopulation,300
642,1.0,2,0.11,0,2.0,1.0,get_random_metapopulation,300
643,0.5,2,0.12,0,2.0,1.0,get_random_metapopulation,300
644,0.1,2,0.12,0,2.0,1.0,get_random_metapopulation,300
645,1.0,2,0.12,0,2.0,1.0,get_random_metapopulation,300
646,0.5,2,0.13,0,2.0,1.0,get_random_metapopulation,300
647,0.1,2,0.13,0,2.0,1.0,get_random_metapopulation,300
648,1.0,2,0.13,0,2.0,1.0,get_random_metapopulation,300
649,0.5,2,0.14,0,2.0,1.0,get_random_metapopulation,300
650,0.1,2,0.14,0,2.0,1.0,get_random_metapopulation,300
651,1.0,2,0.14,0,2.0,1.0,get_random_metapopulation,300
652,0.5,2,0.15,0,2.0,1.0,get_random_metapopulation,300
653,0.1,2,0.15,0,2.0,1.0,get_random_metapopulation,300
654,1.0,2,0.15,0,2.0,1.0,get_random_metapopulation,300
655,0.5,2,0.16,0,2.0,1.0,get_random_metapopulation,300
656,0.1,2,0.16,0,2.0,1.0,get_random_metapopulation,300
657,1.0,2,0.16,0,2.0,1.0,get_random_metapopulation,300
658,0.5,2,0.17,0,2.0,1.0,get_random_metapopulation,300
659,0.1,2,0.17,0,2.0,1.0,get_random_metapopulation,300
660,1.0,2,0.17,0,2.0,1.0,get_random_metapopulation,300
661,0.5,2,0.18,0,2.0,1.0,get_random_metapopulation,300
662,0.1,2,0.18,0,2.0,1.0,get_random_metapopulation,300
663,1.0,2,0.18,0,2.0,1.0,get_random_metapopulation,300
664,0.5,2,0.19,0,2.0,1.0,get_random_metapopulation,300
665,0.1,2,0.19,0,2.0,1.0,get_random_metapopulation,300
666,1.0,2,0.19,0,2.0,1.0,get_random_metapopulation,300
667,0.5,2,0.2,0,2.0,1.0,get_random_metapopulation,300
668,0.1,2,0.2,0,2.0,1.0,get_random_metapopulation,300
669,1.0,2,0.2,0,2.0,1.0,get_random_metapopulation,300
670,0.5,2,0.21,0,2.0,1.0,get_random_metapopulation,300
671,0.1,2,0.21,0,2.0,1.0,get_random_metapopulation,300
672,1.0,2,0.21,0,2.0,1.0,get_random_metapopulation,300
673,0.5,2,0.22,0,2.0,1.0,get_random_metapopulation,300
674,0.1,2,0.22,0,2.0,1.0,get_random_metapopulation,300
675,1.0,2,0.22,0,2.0,1.0,get_random_metapopulation,300
676,0.5,2,0.23,0,2.0,1.0,get_random_metapopulation,300
677,0.1,2,0.23,0,2.0,1.0,get_random_metapopulation,300
678,1.0,2,0.23,0,2.0,1.0,get_random_metapopulation,300
679,0.5,2,0.24,0,2.0,1.0,get_random_metapopulation,300
680,0.1,2,0.24,0,2.0,1.0,get_random_metapopulation,300
681,1.0,2,0.24,0,2.0,1.0,get_random_metapopulation,300
682,0.5,2,0.25,0,2.0,1.0,get_random_metapopulation,300
683,0.1,2,0.25,0,2.0,1.0,get_random_metapopulation,300
684,1.0,2,0.25,0,2.0,1.0,get_random_metapopulation,300
685,0.5,2,0.26,0,2.0,1.0,get_random_metapopulation,300
686,0.1,2,0.26,0,2.0,1.0,get_random_metapopulation,300
687,1.0,2,0.26,0,2.0,1.0,get_random_metapopulation,300
688,0.5,2,0.27,0,2.0,1.0,get_random_metapopulation,300
689,0.1,2,0.27,0,2.0,1.0,get_random_metapopulation,300
690,1.0,2,0.27,0,2.0,1.0,get_random_metapopulation,300
691,0.5,2,0.28,0,2.0,1.0,get_random_metapopulation,300
692,0.1,2,0.28,0,2.0,1.0,get_random_metapopulation,300
693,1.0,2,0.28,0,2.0,1.0,get_random_metapopulation,300
694,0.5,2,0.29,0,2.0,1.0,get_random_metapopulation,300
695,0.1,2,0.29,0,2.0,1.0,get_random_metapopulation,300
696,1.0,2,0.29,0,2.0,1.0,get_random_metapopulation,300
697,0.5,2,0.3,0,2.0,1.0,get_random_metapopulation,300
698,0.1,2,0.3,0,2.0,1.0,get_random_metapopulation,300
699,1.0,2,0.3,0,2.0,1.0,get_random_metapopulation,300
700,0.5,2,0.31,0,2.0,1.0,get_random_metapopulation,300
701,0.1,2,0.31,0,2.0,1.0,get_random_metapopulation,300
702,1.0,2,0.31,0,2.0,1.0,get_random_metapopulation,300
703,0.5,2,0.32,0,2.0,1.0,get_random_metapopulation,300
704,0.1,2,0.32,0,2.0,1.0,get_random_metapopulation,300
705,1.0,2,0.32,0,2.0,1.0,get_random_metapopulation,300
706,0.5,2,0.33,0,2.0,1.0,get_random_metapopulation,300
707,0.1,2,0.33,0,2.0,1.0,get_random_metapopulation,300
708,1.0,2,0.33,0,2.0,1.0,get_random_metapopulation,300
709,0.5,2,0.34,0,2.0,1.0,get_random_metapopulation,300
710,0.1,2,0.34,0,2.0,1.0,get_random_metapopulation,300
711,1.0,2,0.34,0,2.0,1.0,get_random_metapopulation,300
712,0.5,2,0.35,0,2.0,1.0,get_random_metapopulation,300
713,0.1,2,0.35,0,2.0,1.0,get_random_metapopulation,300
714,1.0,2,0.35,0,2.0,1.0,get_random_metapopulation,300
715,0.5,2,0.36,0,2.0,1.0,get_random_metapopulation,300
716,0.1,2,0.36,0,2.0,1.0,get_random_metapopulation,300
717,1.0,2,0.36,0,2.0,1.0,get_random_metapopulation,300
718,0.5,2,0.37,0,2.0,1.0,get_random_metapopulation,300
719,0.1,2,0.37,0,2.0,1.0,get_random_metapopulation,300
720,1.0,2,0.37,0,2.0,1.0,get_random_metapopulation,300
721,0.5,2,0.38,0,2.0,1.0,get_random_metapopulation,300
722,0.1,2,0.38,0,2.0,1.0,get_random_metapopulation,300
723,1.0,2,0.38,0,2.0,1.0,get_random_metapopulation,300
724,0.5,2,0.39,0,2.0,1.0,get_random_metapopulation,300
725,0.1,2,0.39,0,2.0,1.0,get_random_metapopulation,300
726,1.0,2,0.39,0,2.0,1.0,get_random_metapopulation,300
727,0.5,2,0.4,0,2.0,1.0,get_random_metapopulation,300
728,0.1,2,0.4,0,2.0,1.0,get_random_metapopulation,300
729,1.0,2,0.4,0,2.0,1.0,get_random_metapopulation,300
730,0.5,2,0.41,0,2.0,1.0,get_random_metapopulation,300
731,0.1,2,0.41,0,2.0,1.0,get_random_metapopulation,300
732,1.0,2,0.41,0,2.0,1.0,get_random_metapopulation,300
733,0.5,2,0.42,0,2.0,1.0,get_random_metapopulation,300
734,0.1,2,0.42,0,2.0,1.0,get_random_metapopulation,300
735,1.0,2,0.42,0,2.0,1.0,get_random_metapopulation,300
736,0.5,2,0.43,0,2.0,1.0,get_random_metapopulation,300
737,0.1,2,0.43,0,2.0,1.0,get_random_metapopulation,300
738,1.0,2,0.43,0,2.0,1.0,get_random_metapopulation,300
739,0.5,2,0.44,0,2.0,1.0,get_random_metapopulation,300
740,0.1,2,0.44,0,2.0,1.0,get_random_metapopulation,300
741,1.0,2,0.44,0,2.0,1.0,get_random_metapopulation,300
742,0.5,2,0.45,0,2.0,1.0,get_random_metapopulation,300
743,0.1,2,0.45,0,2.0,1.0,get_random_metapopulation,300
744,1.0,2,0.45,0,2.0,1.0,get_random_metapopulation,300
745,0.5,2,0.46,0,2.0,1.0,get_random_metapopulation,300
746,0.1,2,0.46,0,2.0,1.0,get_random_metapopulation,300
747,1.0,2,0.46,0,2.0,1.0,get_random_metapopulation,300
748,0.5,2,0.47,0,2.0,1.0,get_random_metapopulation,300
749,0.1,2,0.47,0,2.0,1.0,get_random_metapopulation,300
750,1.0,2,0.47,0,2.0,1.0,get_random_metapopulation,300
751,0.5,2,0.48,0,2.0,1.0,get_random_metapopulation,300
752,0.1,2,0.48,0,2.0,1.0,get_random_metapopulation,300
753,1.0,2,0.48,0,2.0,1.0,get_random_metapopulation,300
754,0.5,2,0.49,0,2.0,1.0,get_random_metapopulation,300
755,0.1,2,0.49,0,2.0,1.0,get_random_metapopulation,300
756,1.0,2,0.49,0,2.0,1.0,get_random_metapopulation,300
757,0.5,2,0.5,0,2.0,1.0,get_random_metapopulation,300
758,0.1,2,0.5,0,2.0,1.0,get_random_metapopulation,300
759,1.0,2,0.5,0,2.0,1.0,get_random_metapopulation,300
760,0.5,2,0.51,0,2.0,1.0,get_random_metapopulation,300
761,0.1,2,0.51,0,2.0,1.0,get_random_metapopulation,300
762,1.0,2,0.51,0,2.0,1.0,get_random_metapopulation,300
763,0.5,2,0.52,0,2.0,1.0,get_random_metapopulation,300
764,0.1,2,0.52,0,2.0,1.0,get_random_metapopulation,300
765,1.0,2,0.52,0,2.0,1.0,get_random_metapopulation,300
766,0.5,2,0.53,0,2.0,1.0,get_random_metapopulation,300
767,0.1,2,0.53,0,2.0,1.0,get_random_metapopulation,300
768,1.0,2,0.53,0,2.0,1.0,get_random_metapopulation,300
769,0.5,2,0.54,0,2.0,1.0,get_random_metapopulation,300
770,0.1,2,0.54,0,2.0,1.0,get_random_metapopulation,300
771,1.0,2,0.54,0,2.0,1.0,get_random_metapopulation,300
772,0.5,2,0.55,0,2.0,1.0,get_random_metapopulation,300
773,0.1,2,0.55,0,2.0,1.0,get_random_metapopulation,300
774,1.0,2,0.55,0,2.0,1.0,get_random_metapopulation,300
775,0.5,2,0.56,0,2.0,1.0,get_random_metapopulation,300
776,0.1,2,0.56,0,2.0,1.0,get_random_metapopulation,300
777,1.0,2,0.56,0,2.0,1.0,get_random_metapopulation,300
778,0.5,2,0.57,0,2.0,1.0,get_random_metapopulation,300
779,0.1,2,0.57,0,2.0,1.0,get_random_metapopulation,300
780,1.0,2,0.57,0,2.0,1.0,get_random_metapopulation,300
781,0.5,2,0.58,0,2.0,1.0,get_random_metapopulation,300
782,0.1,2,0.58,0,2.0,1.0,get_random_metapopulation,300
783,1.0,2,0.58,0,2.0,1.0,get_random_metapopulation,300
784,0.5,2,0.59,0,2.0,1.0,get_random_metapopulation,300
785,0.1,2,0.59,0,2.0,1.0,get_random_metapopulation,300
786,1.0,2,0.59,0,2.0,1.0,get_random_metapopulation,300
787,0.5,2,0.6,0,2.0,1.0,get_random_metapopulation,300
788,0.1,2,0.6,0,2.0,1.0,get_random_metapopulation,300
789,1.0,2,0.6,0,2.0,1.0,get_random_metapopulation,300
790,0.5,2,0.61,0,2.0,1.0,get_random_metapopulation,300
791,0.1,2,0.61,0,2.0,1.0,get_random_metapopulation,300
792,1.0,2,0.61,0,2.0,1.0,get_random_metapopulation,300
793,0.5,2,0.62,0,2.0,1.0,get_random_metapopulation,300
794,0.1,2,0.62,0,2.0,1.0,get_random_metapopulation,300
795,1.0,2,0.62,0,2.0,1.0,get_random_metapopulation,300
796,0.5,2,0.63,0,2.0,1.0,get_random_metapopulation,300
797,0.1,2,0.63,0,2.0,1.0,get_random_metapopulation,300
798,1.0,2,0.63,0,2.0,1.0,get_random_metapopulation,300
799,0.5,2,0.64,0,2.0,1.0,get_random_metapopulation,300
800,0.1,2,0.64,0,2.0,1.0,get_random_metapopulation,300
801,1.0,2,0.64,0,2.0,1.0,get_random_metapopulation,300
802,0.5,2,0.65,0,2.0,1.0,get_random_metapopulation,300
803,0.1,2,0.65,0,2.0,1.0,get_random_metapopulation,300
804,1.0,2,0.65,0,2.0,1.0,get_random_metapopulation,300
805,0.5,2,0.66,0,2.0,1.0,get_random_metapopulation,300
806,0.1,2,0.66,0,2.0,1.0,get_random_metapopulation,300
807,1.0,2,0.66,0,2.0,1.0,get_random_metapopulation,300
808,0.5,2,0.67,0,2.0,1.0,get_random_metapopulation,300
809,0.1,2,0.67,0,2.0,1.0,get_random_metapopulation,300
810,1.0,2,0.67,0,2.0,1.0,get_random_metapopulation,300
811,0.5,2,0.68,0,2.0,1.0,get_random_metapopulation,300
812,0.1,2,0.68,0,2.0,1.0,get_random_metapopulation,300
813,1.0,2,0.68,0,2.0,1.0,get_random_metapopulation,300
814,0.5,2,0.69,0,2.0,1.0,get_random_metapopulation,300
815,0.1,2,0.69,0,2.0,1.0,get_random_metapopulation,300
816,1.0,2,0.69,0,2.0,1.0,get_random_metapopulation,300
817,0.5,2,0.7,0,2.0,1.0,get_random_metapopulation,300
818,0.1,2,0.7,0,2.0,1.0,get_random_metapopulation,300
819,1.0,2,0.7,0,2.0,1.0,get_random_metapopulation,300
820,0.5,2,0.71,0,2.0,1.0,get_random_metapopulation,300
821,0.1,2,0.71,0,2.0,1.0,get_random_metapopulation,300
822,1.0,2,0.71,0,2.0,1.0,get_random_metapopulation,300
823,0.5,2,0.72,0,2.0,1.0,get_random_metapopulation,300
824,0.1,2,0.72,0,2.0,1.0,get_random_metapopulation,300
825,1.0,2,0.72,0,2.0,1.0,get_random_metapopulation,300
826,0.5,2,0.73,0,2.0,1.0,get_random_metapopulation,300
827,0.1,2,0.73,0,2.0,1.0,get_random_metapopulation,300
828,1.0,2,0.73,0,2.0,1.0,get_random_metapopulation,300
829,0.5,2,0.74,0,2.0,1.0,get_random_metapopulation,300
830,0.1,2,0.74,0,2.0,1.0,get_random_metapopulation,300
831,1.0,2,0.74,0,2.0,1.0,get_random_metapopulation,300
832,0.5,2,0.75,0,2.0,1.0,get_random_metapopulation,300
833,0.1,2,0.75,0,2.0,1.0,get_random_metapopulation,300
834,1.0,2,0.75,0,2.0,1.0,get_random_metapopulation,300
835,0.5,2,0.76,0,2.0,1.0,get_random_metapopulation,300
836,0.1,2,0.76,0,2.0,1.0,get_random_metapopulation,300
837,1.0,2,0.76,0,2.0,1.0,get_random_metapopulation,300
838,0.5,2,0.77,0,2.0,1.0,get_random_metapopulation,300
839,0.1,2,0.77,0,2.0,1.0,get_random_metapopulation,300
840,1.0,2,0.77,0,2.0,1.0,get_random_metapopulation,300
841,0.5,2,0.78,0,2.0,1.0,get_random_metapopulation,300
842,0.1,2,0.78,0,2.0,1.0,get_random_metapopulation,300
843,1.0,2,0.78,0,2.0,1.0,get_random_metapopulation,300
844,0.5,2,0.79,0,2.0,1.0,get_random_metapopulation,300
845,0.1,2,0.79,0,2.0,1.0,get_random_metapopulation,300
846,1.0,2,0.79,0,2.0,1.0,get_random_metapopulation,300
847,0.5,2,0.8,0,2.0,1.0,get_random_metapopulation,300
848,0.1,2,0.8,0,2.0,1.0,get_random_metapopulation,300
849,1.0,2,0.8,0,2.0,1.0,get_random_metapopulation,300
850,0.5,2,0.81,0,2.0,1.0,get_random_metapopulation,300
851,0.1,2,0.81,0,2.0,1.0,get_random_metapopulation,300
852,1.0,2,0.81,0,2.0,1.0,get_random_metapopulation,300
853,0.5,2,0.82,0,2.0,1.0,get_random_metapopulation,300
854,0.1,2,0.82,0,2.0,1.0,get_random_metapopulation,300
855,1.0,2,0.82,0,2.0,1.0,get_random_metapopulation,300
856,0.5,2,0.83,0,2.0,1.0,get_random_metapopulation,300
857,0.1,2,0.83,0,2.0,1.0,get_random_metapopulation,300
858,1.0,2,0.83,0,2.0,1.0,get_random_metapopulation,300
859,0.5,2,0.84,0,2.0,1.0,get_random_metapopulation,300
860,0.1,2,0.84,0,2.0,1.0,get_random_metapopulation,300
861,1.0,2,0.84,0,2.0,1.0,get_random_metapopulation,300
862,0.5,2,0.85,0,2.0,1.0,get_random_metapopulation,300
863,0.1,2,0.85,0,2.0,1.0,get_random_metapopulation,300
864,1.0,2,0.85,0,2.0,1.0,get_random_metapopulation,300
865,0.5,2,0.86,0,2.0,1.0,get_random_metapopulation,300
866,0.1,2,0.86,0,2.0,1.0,get_random_metapopulation,300
867,1.0,2,0.86,0,2.0,1.0,get_random_metapopulation,300
868,0.5,2,0.87,0,2.0,1.0,get_random_metapopulation,300
869,0.1,2,0.87,0,2.0,1.0,get_random_metapopulation,300
870,1.0,2,0.87,0,2.0,1.0,get_random_metapopulation,300
871,0.5,2,0.88,0,2.0,1.0,get_random_metapopulation,300
872,0.1,2,0.88,0,2.0,1.0,get_random_metapopulation,300
873,1.0,2,0.88,0,2.0,1.0,get_random_metapopulation,300
874,0.5,2,0.89,0,2.0,1.0,get_random_metapopulation,300
875,0.1,2,0.89,0,2.0,1.0,get_random_metapopulation,300
876,1.0,2,0.89,0,2.0,1.0,get_random_metapopulation,300
877,0.5,2,0.9,0,2.0,1.0,get_random_metapopulation,300
878,0.1,2,0.9,0,2.0,1.0,get_random_metapopulation,300
879,1.0,2,0.9,0,2.0,1.0,get_random_metapopulation,300
880,0.5,2,0.91,0,2.0,1.0,get_random_metapopulation,300
881,0.1,2,0.91,0,2.0,1.0,get_random_metapopulation,300
882,1.0,2,0.91,0,2.0,1.0,get_random_metapopulation,300
883,0.5,2,0.92,0,2.0,1.0,get_random_metapopulation,300
884,0.1,2,0.92,0,2.0,1.0,get_random_metapopulation,300
885,1.0,2,0.92,0,2.0,1.0,get_random_metapopulation,300
886,0.5,2,0.93,0,2.0,1.0,get_random_metapopulation,300
887,0.1,2,0.93,0,2.0,1.0,get_random_metapopulation,300
888,1.0,2,0.93,0,2.0,1.0,get_random_metapopulation,300
889,0.5,2,0.94,0,2.0,1.0,get_random_metapopulation,300
890,0.1,2,0.94,0,2.0,1.0,get_random_metapopulation,300
891,1.0,2,0.94,0,2.0,1.0,get_random_metapopulation,300
892,0.5,2,0.95,0,2.0,1.0,get_random_metapopulation,300
893,0.1,2,0.95,0,2.0,1.0,get_random_metapopulation,300
894,1.0,2,0.95,0,2.0,1.0,get_random_metapopulation,300
895,0.5,2,0.96,0,2.0,1.0,get_random_metapopulation,300
896,0.1,2,0.96,0,2.0,1.0,get_random_metapopulation,300
897,1.0,2,0.96,0,2.0,1.0,get_random_metapopulation,300
898,0.5,2,0.97,0,2.0,1.0,get_random_metapopulation,300
899,0.1,2,0.97,0,2.0,1.0,get_random_metapopulation,300
900,1.0,2,0.97,0,2.0,1.0,get_random_metapopulation,300
901,0.5,2,0.98,0,2.0,1.0,get_random_metapopulation,300
902,0.1,2,0.98,0,2.0,1.0,get_random_metapopulation,300
903,1.0,2,0.98,0,2.0,1.0,get_random_metapopulation,300
904,0.5,2,0.99,0,2.0,1.0,get_random_metapopulation,300
905,0.1,2,0.99,0,2.0,1.0,get_random_metapopulation,300
906,1.0,2,0.99,0,2.0,1.0,get_random_metapopulation,300
907,0.5,2,1.0,0,2.0,1.0,get_random_metapopulation,300
908,0.1,2,1.0,0,2.0,1.0,get_random_metapopulation,300
909,1.0,2,1.0,0,2.0,1.0,get_random_metapopulation,300
