treatment,sigma,num_populations,migration_rate,alpha,log_abundances,lambda,carrying_capacity,fixed_metapopulation,metapopulation_generator,number_of_timesteps
1,0.1,20,0.0,0,true,1.0,2.0,false,get_random_metapopulation,300
2,0.3,20,0.0,0,true,1.0,2.0,false,get_random_metapopulation,300
3,0.5,20,0.0,0,true,1.0,2.0,false,get_random_metapopulation,300
4,0.7,20,0.0,0,true,1.0,2.0,false,get_random_metapopulation,300
5,0.9,20,0.0,0,true,1.0,2.0,false,get_random_metapopulation,300
6,1.2,20,0.0,0,true,1.0,2.0,false,get_random_metapopulation,300
7,0.1,20,0.01,0,true,1.0,2.0,false,get_random_metapopulation,300
8,0.3,20,0.01,0,true,1.0,2.0,false,get_random_metapopulation,300
9,0.5,20,0.01,0,true,1.0,2.0,false,get_random_metapopulation,300
10,0.7,20,0.01,0,true,1.0,2.0,false,get_random_metapopulation,300
11,0.9,20,0.01,0,true,1.0,2.0,false,get_random_metapopulation,300
12,1.2,20,0.01,0,true,1.0,2.0,false,get_random_metapopulation,300
13,0.1,20,0.02,0,true,1.0,2.0,false,get_random_metapopulation,300
14,0.3,20,0.02,0,true,1.0,2.0,false,get_random_metapopulation,300
15,0.5,20,0.02,0,true,1.0,2.0,false,get_random_metapopulation,300
16,0.7,20,0.02,0,true,1.0,2.0,false,get_random_metapopulation,300
17,0.9,20,0.02,0,true,1.0,2.0,false,get_random_metapopulation,300
18,1.2,20,0.02,0,true,1.0,2.0,false,get_random_metapopulation,300
19,0.1,20,0.03,0,true,1.0,2.0,false,get_random_metapopulation,300
20,0.3,20,0.03,0,true,1.0,2.0,false,get_random_metapopulation,300
21,0.5,20,0.03,0,true,1.0,2.0,false,get_random_metapopulation,300
22,0.7,20,0.03,0,true,1.0,2.0,false,get_random_metapopulation,300
23,0.9,20,0.03,0,true,1.0,2.0,false,get_random_metapopulation,300
24,1.2,20,0.03,0,true,1.0,2.0,false,get_random_metapopulation,300
25,0.1,20,0.04,0,true,1.0,2.0,false,get_random_metapopulation,300
26,0.3,20,0.04,0,true,1.0,2.0,false,get_random_metapopulation,300
27,0.5,20,0.04,0,true,1.0,2.0,false,get_random_metapopulation,300
28,0.7,20,0.04,0,true,1.0,2.0,false,get_random_metapopulation,300
29,0.9,20,0.04,0,true,1.0,2.0,false,get_random_metapopulation,300
30,1.2,20,0.04,0,true,1.0,2.0,false,get_random_metapopulation,300
31,0.1,20,0.05,0,true,1.0,2.0,false,get_random_metapopulation,300
32,0.3,20,0.05,0,true,1.0,2.0,false,get_random_metapopulation,300
33,0.5,20,0.05,0,true,1.0,2.0,false,get_random_metapopulation,300
34,0.7,20,0.05,0,true,1.0,2.0,false,get_random_metapopulation,300
35,0.9,20,0.05,0,true,1.0,2.0,false,get_random_metapopulation,300
36,1.2,20,0.05,0,true,1.0,2.0,false,get_random_metapopulation,300
37,0.1,20,0.06,0,true,1.0,2.0,false,get_random_metapopulation,300
38,0.3,20,0.06,0,true,1.0,2.0,false,get_random_metapopulation,300
39,0.5,20,0.06,0,true,1.0,2.0,false,get_random_metapopulation,300
40,0.7,20,0.06,0,true,1.0,2.0,false,get_random_metapopulation,300
41,0.9,20,0.06,0,true,1.0,2.0,false,get_random_metapopulation,300
42,1.2,20,0.06,0,true,1.0,2.0,false,get_random_metapopulation,300
43,0.1,20,0.07,0,true,1.0,2.0,false,get_random_metapopulation,300
44,0.3,20,0.07,0,true,1.0,2.0,false,get_random_metapopulation,300
45,0.5,20,0.07,0,true,1.0,2.0,false,get_random_metapopulation,300
46,0.7,20,0.07,0,true,1.0,2.0,false,get_random_metapopulation,300
47,0.9,20,0.07,0,true,1.0,2.0,false,get_random_metapopulation,300
48,1.2,20,0.07,0,true,1.0,2.0,false,get_random_metapopulation,300
49,0.1,20,0.08,0,true,1.0,2.0,false,get_random_metapopulation,300
50,0.3,20,0.08,0,true,1.0,2.0,false,get_random_metapopulation,300
51,0.5,20,0.08,0,true,1.0,2.0,false,get_random_metapopulation,300
52,0.7,20,0.08,0,true,1.0,2.0,false,get_random_metapopulation,300
53,0.9,20,0.08,0,true,1.0,2.0,false,get_random_metapopulation,300
54,1.2,20,0.08,0,true,1.0,2.0,false,get_random_metapopulation,300
55,0.1,20,0.09,0,true,1.0,2.0,false,get_random_metapopulation,300
56,0.3,20,0.09,0,true,1.0,2.0,false,get_random_metapopulation,300
57,0.5,20,0.09,0,true,1.0,2.0,false,get_random_metapopulation,300
58,0.7,20,0.09,0,true,1.0,2.0,false,get_random_metapopulation,300
59,0.9,20,0.09,0,true,1.0,2.0,false,get_random_metapopulation,300
60,1.2,20,0.09,0,true,1.0,2.0,false,get_random_metapopulation,300
61,0.1,20,0.1,0,true,1.0,2.0,false,get_random_metapopulation,300
62,0.3,20,0.1,0,true,1.0,2.0,false,get_random_metapopulation,300
63,0.5,20,0.1,0,true,1.0,2.0,false,get_random_metapopulation,300
64,0.7,20,0.1,0,true,1.0,2.0,false,get_random_metapopulation,300
65,0.9,20,0.1,0,true,1.0,2.0,false,get_random_metapopulation,300
66,1.2,20,0.1,0,true,1.0,2.0,false,get_random_metapopulation,300
67,0.1,20,0.11,0,true,1.0,2.0,false,get_random_metapopulation,300
68,0.3,20,0.11,0,true,1.0,2.0,false,get_random_metapopulation,300
69,0.5,20,0.11,0,true,1.0,2.0,false,get_random_metapopulation,300
70,0.7,20,0.11,0,true,1.0,2.0,false,get_random_metapopulation,300
71,0.9,20,0.11,0,true,1.0,2.0,false,get_random_metapopulation,300
72,1.2,20,0.11,0,true,1.0,2.0,false,get_random_metapopulation,300
73,0.1,20,0.12,0,true,1.0,2.0,false,get_random_metapopulation,300
74,0.3,20,0.12,0,true,1.0,2.0,false,get_random_metapopulation,300
75,0.5,20,0.12,0,true,1.0,2.0,false,get_random_metapopulation,300
76,0.7,20,0.12,0,true,1.0,2.0,false,get_random_metapopulation,300
77,0.9,20,0.12,0,true,1.0,2.0,false,get_random_metapopulation,300
78,1.2,20,0.12,0,true,1.0,2.0,false,get_random_metapopulation,300
79,0.1,20,0.13,0,true,1.0,2.0,false,get_random_metapopulation,300
80,0.3,20,0.13,0,true,1.0,2.0,false,get_random_metapopulation,300
81,0.5,20,0.13,0,true,1.0,2.0,false,get_random_metapopulation,300
82,0.7,20,0.13,0,true,1.0,2.0,false,get_random_metapopulation,300
83,0.9,20,0.13,0,true,1.0,2.0,false,get_random_metapopulation,300
84,1.2,20,0.13,0,true,1.0,2.0,false,get_random_metapopulation,300
85,0.1,20,0.14,0,true,1.0,2.0,false,get_random_metapopulation,300
86,0.3,20,0.14,0,true,1.0,2.0,false,get_random_metapopulation,300
87,0.5,20,0.14,0,true,1.0,2.0,false,get_random_metapopulation,300
88,0.7,20,0.14,0,true,1.0,2.0,false,get_random_metapopulation,300
89,0.9,20,0.14,0,true,1.0,2.0,false,get_random_metapopulation,300
90,1.2,20,0.14,0,true,1.0,2.0,false,get_random_metapopulation,300
91,0.1,20,0.15,0,true,1.0,2.0,false,get_random_metapopulation,300
92,0.3,20,0.15,0,true,1.0,2.0,false,get_random_metapopulation,300
93,0.5,20,0.15,0,true,1.0,2.0,false,get_random_metapopulation,300
94,0.7,20,0.15,0,true,1.0,2.0,false,get_random_metapopulation,300
95,0.9,20,0.15,0,true,1.0,2.0,false,get_random_metapopulation,300
96,1.2,20,0.15,0,true,1.0,2.0,false,get_random_metapopulation,300
97,0.1,20,0.16,0,true,1.0,2.0,false,get_random_metapopulation,300
98,0.3,20,0.16,0,true,1.0,2.0,false,get_random_metapopulation,300
99,0.5,20,0.16,0,true,1.0,2.0,false,get_random_metapopulation,300
100,0.7,20,0.16,0,true,1.0,2.0,false,get_random_metapopulation,300
101,0.9,20,0.16,0,true,1.0,2.0,false,get_random_metapopulation,300
102,1.2,20,0.16,0,true,1.0,2.0,false,get_random_metapopulation,300
103,0.1,20,0.17,0,true,1.0,2.0,false,get_random_metapopulation,300
104,0.3,20,0.17,0,true,1.0,2.0,false,get_random_metapopulation,300
105,0.5,20,0.17,0,true,1.0,2.0,false,get_random_metapopulation,300
106,0.7,20,0.17,0,true,1.0,2.0,false,get_random_metapopulation,300
107,0.9,20,0.17,0,true,1.0,2.0,false,get_random_metapopulation,300
108,1.2,20,0.17,0,true,1.0,2.0,false,get_random_metapopulation,300
109,0.1,20,0.18,0,true,1.0,2.0,false,get_random_metapopulation,300
110,0.3,20,0.18,0,true,1.0,2.0,false,get_random_metapopulation,300
111,0.5,20,0.18,0,true,1.0,2.0,false,get_random_metapopulation,300
112,0.7,20,0.18,0,true,1.0,2.0,false,get_random_metapopulation,300
113,0.9,20,0.18,0,true,1.0,2.0,false,get_random_metapopulation,300
114,1.2,20,0.18,0,true,1.0,2.0,false,get_random_metapopulation,300
115,0.1,20,0.19,0,true,1.0,2.0,false,get_random_metapopulation,300
116,0.3,20,0.19,0,true,1.0,2.0,false,get_random_metapopulation,300
117,0.5,20,0.19,0,true,1.0,2.0,false,get_random_metapopulation,300
118,0.7,20,0.19,0,true,1.0,2.0,false,get_random_metapopulation,300
119,0.9,20,0.19,0,true,1.0,2.0,false,get_random_metapopulation,300
120,1.2,20,0.19,0,true,1.0,2.0,false,get_random_metapopulation,300
121,0.1,20,0.2,0,true,1.0,2.0,false,get_random_metapopulation,300
122,0.3,20,0.2,0,true,1.0,2.0,false,get_random_metapopulation,300
123,0.5,20,0.2,0,true,1.0,2.0,false,get_random_metapopulation,300
124,0.7,20,0.2,0,true,1.0,2.0,false,get_random_metapopulation,300
125,0.9,20,0.2,0,true,1.0,2.0,false,get_random_metapopulation,300
126,1.2,20,0.2,0,true,1.0,2.0,false,get_random_metapopulation,300
127,0.1,20,0.21,0,true,1.0,2.0,false,get_random_metapopulation,300
128,0.3,20,0.21,0,true,1.0,2.0,false,get_random_metapopulation,300
129,0.5,20,0.21,0,true,1.0,2.0,false,get_random_metapopulation,300
130,0.7,20,0.21,0,true,1.0,2.0,false,get_random_metapopulation,300
131,0.9,20,0.21,0,true,1.0,2.0,false,get_random_metapopulation,300
132,1.2,20,0.21,0,true,1.0,2.0,false,get_random_metapopulation,300
133,0.1,20,0.22,0,true,1.0,2.0,false,get_random_metapopulation,300
134,0.3,20,0.22,0,true,1.0,2.0,false,get_random_metapopulation,300
135,0.5,20,0.22,0,true,1.0,2.0,false,get_random_metapopulation,300
136,0.7,20,0.22,0,true,1.0,2.0,false,get_random_metapopulation,300
137,0.9,20,0.22,0,true,1.0,2.0,false,get_random_metapopulation,300
138,1.2,20,0.22,0,true,1.0,2.0,false,get_random_metapopulation,300
139,0.1,20,0.23,0,true,1.0,2.0,false,get_random_metapopulation,300
140,0.3,20,0.23,0,true,1.0,2.0,false,get_random_metapopulation,300
141,0.5,20,0.23,0,true,1.0,2.0,false,get_random_metapopulation,300
142,0.7,20,0.23,0,true,1.0,2.0,false,get_random_metapopulation,300
143,0.9,20,0.23,0,true,1.0,2.0,false,get_random_metapopulation,300
144,1.2,20,0.23,0,true,1.0,2.0,false,get_random_metapopulation,300
145,0.1,20,0.24,0,true,1.0,2.0,false,get_random_metapopulation,300
146,0.3,20,0.24,0,true,1.0,2.0,false,get_random_metapopulation,300
147,0.5,20,0.24,0,true,1.0,2.0,false,get_random_metapopulation,300
148,0.7,20,0.24,0,true,1.0,2.0,false,get_random_metapopulation,300
149,0.9,20,0.24,0,true,1.0,2.0,false,get_random_metapopulation,300
150,1.2,20,0.24,0,true,1.0,2.0,false,get_random_metapopulation,300
151,0.1,20,0.25,0,true,1.0,2.0,false,get_random_metapopulation,300
152,0.3,20,0.25,0,true,1.0,2.0,false,get_random_metapopulation,300
153,0.5,20,0.25,0,true,1.0,2.0,false,get_random_metapopulation,300
154,0.7,20,0.25,0,true,1.0,2.0,false,get_random_metapopulation,300
155,0.9,20,0.25,0,true,1.0,2.0,false,get_random_metapopulation,300
156,1.2,20,0.25,0,true,1.0,2.0,false,get_random_metapopulation,300
157,0.1,20,0.26,0,true,1.0,2.0,false,get_random_metapopulation,300
158,0.3,20,0.26,0,true,1.0,2.0,false,get_random_metapopulation,300
159,0.5,20,0.26,0,true,1.0,2.0,false,get_random_metapopulation,300
160,0.7,20,0.26,0,true,1.0,2.0,false,get_random_metapopulation,300
161,0.9,20,0.26,0,true,1.0,2.0,false,get_random_metapopulation,300
162,1.2,20,0.26,0,true,1.0,2.0,false,get_random_metapopulation,300
163,0.1,20,0.27,0,true,1.0,2.0,false,get_random_metapopulation,300
164,0.3,20,0.27,0,true,1.0,2.0,false,get_random_metapopulation,300
165,0.5,20,0.27,0,true,1.0,2.0,false,get_random_metapopulation,300
166,0.7,20,0.27,0,true,1.0,2.0,false,get_random_metapopulation,300
167,0.9,20,0.27,0,true,1.0,2.0,false,get_random_metapopulation,300
168,1.2,20,0.27,0,true,1.0,2.0,false,get_random_metapopulation,300
169,0.1,20,0.28,0,true,1.0,2.0,false,get_random_metapopulation,300
170,0.3,20,0.28,0,true,1.0,2.0,false,get_random_metapopulation,300
171,0.5,20,0.28,0,true,1.0,2.0,false,get_random_metapopulation,300
172,0.7,20,0.28,0,true,1.0,2.0,false,get_random_metapopulation,300
173,0.9,20,0.28,0,true,1.0,2.0,false,get_random_metapopulation,300
174,1.2,20,0.28,0,true,1.0,2.0,false,get_random_metapopulation,300
175,0.1,20,0.29,0,true,1.0,2.0,false,get_random_metapopulation,300
176,0.3,20,0.29,0,true,1.0,2.0,false,get_random_metapopulation,300
177,0.5,20,0.29,0,true,1.0,2.0,false,get_random_metapopulation,300
178,0.7,20,0.29,0,true,1.0,2.0,false,get_random_metapopulation,300
179,0.9,20,0.29,0,true,1.0,2.0,false,get_random_metapopulation,300
180,1.2,20,0.29,0,true,1.0,2.0,false,get_random_metapopulation,300
181,0.1,20,0.3,0,true,1.0,2.0,false,get_random_metapopulation,300
182,0.3,20,0.3,0,true,1.0,2.0,false,get_random_metapopulation,300
183,0.5,20,0.3,0,true,1.0,2.0,false,get_random_metapopulation,300
184,0.7,20,0.3,0,true,1.0,2.0,false,get_random_metapopulation,300
185,0.9,20,0.3,0,true,1.0,2.0,false,get_random_metapopulation,300
186,1.2,20,0.3,0,true,1.0,2.0,false,get_random_metapopulation,300
187,0.1,20,0.31,0,true,1.0,2.0,false,get_random_metapopulation,300
188,0.3,20,0.31,0,true,1.0,2.0,false,get_random_metapopulation,300
189,0.5,20,0.31,0,true,1.0,2.0,false,get_random_metapopulation,300
190,0.7,20,0.31,0,true,1.0,2.0,false,get_random_metapopulation,300
191,0.9,20,0.31,0,true,1.0,2.0,false,get_random_metapopulation,300
192,1.2,20,0.31,0,true,1.0,2.0,false,get_random_metapopulation,300
193,0.1,20,0.32,0,true,1.0,2.0,false,get_random_metapopulation,300
194,0.3,20,0.32,0,true,1.0,2.0,false,get_random_metapopulation,300
195,0.5,20,0.32,0,true,1.0,2.0,false,get_random_metapopulation,300
196,0.7,20,0.32,0,true,1.0,2.0,false,get_random_metapopulation,300
197,0.9,20,0.32,0,true,1.0,2.0,false,get_random_metapopulation,300
198,1.2,20,0.32,0,true,1.0,2.0,false,get_random_metapopulation,300
199,0.1,20,0.33,0,true,1.0,2.0,false,get_random_metapopulation,300
200,0.3,20,0.33,0,true,1.0,2.0,false,get_random_metapopulation,300
201,0.5,20,0.33,0,true,1.0,2.0,false,get_random_metapopulation,300
202,0.7,20,0.33,0,true,1.0,2.0,false,get_random_metapopulation,300
203,0.9,20,0.33,0,true,1.0,2.0,false,get_random_metapopulation,300
204,1.2,20,0.33,0,true,1.0,2.0,false,get_random_metapopulation,300
205,0.1,20,0.34,0,true,1.0,2.0,false,get_random_metapopulation,300
206,0.3,20,0.34,0,true,1.0,2.0,false,get_random_metapopulation,300
207,0.5,20,0.34,0,true,1.0,2.0,false,get_random_metapopulation,300
208,0.7,20,0.34,0,true,1.0,2.0,false,get_random_metapopulation,300
209,0.9,20,0.34,0,true,1.0,2.0,false,get_random_metapopulation,300
210,1.2,20,0.34,0,true,1.0,2.0,false,get_random_metapopulation,300
211,0.1,20,0.35,0,true,1.0,2.0,false,get_random_metapopulation,300
212,0.3,20,0.35,0,true,1.0,2.0,false,get_random_metapopulation,300
213,0.5,20,0.35,0,true,1.0,2.0,false,get_random_metapopulation,300
214,0.7,20,0.35,0,true,1.0,2.0,false,get_random_metapopulation,300
215,0.9,20,0.35,0,true,1.0,2.0,false,get_random_metapopulation,300
216,1.2,20,0.35,0,true,1.0,2.0,false,get_random_metapopulation,300
217,0.1,20,0.36,0,true,1.0,2.0,false,get_random_metapopulation,300
218,0.3,20,0.36,0,true,1.0,2.0,false,get_random_metapopulation,300
219,0.5,20,0.36,0,true,1.0,2.0,false,get_random_metapopulation,300
220,0.7,20,0.36,0,true,1.0,2.0,false,get_random_metapopulation,300
221,0.9,20,0.36,0,true,1.0,2.0,false,get_random_metapopulation,300
222,1.2,20,0.36,0,true,1.0,2.0,false,get_random_metapopulation,300
223,0.1,20,0.37,0,true,1.0,2.0,false,get_random_metapopulation,300
224,0.3,20,0.37,0,true,1.0,2.0,false,get_random_metapopulation,300
225,0.5,20,0.37,0,true,1.0,2.0,false,get_random_metapopulation,300
226,0.7,20,0.37,0,true,1.0,2.0,false,get_random_metapopulation,300
227,0.9,20,0.37,0,true,1.0,2.0,false,get_random_metapopulation,300
228,1.2,20,0.37,0,true,1.0,2.0,false,get_random_metapopulation,300
229,0.1,20,0.38,0,true,1.0,2.0,false,get_random_metapopulation,300
230,0.3,20,0.38,0,true,1.0,2.0,false,get_random_metapopulation,300
231,0.5,20,0.38,0,true,1.0,2.0,false,get_random_metapopulation,300
232,0.7,20,0.38,0,true,1.0,2.0,false,get_random_metapopulation,300
233,0.9,20,0.38,0,true,1.0,2.0,false,get_random_metapopulation,300
234,1.2,20,0.38,0,true,1.0,2.0,false,get_random_metapopulation,300
235,0.1,20,0.39,0,true,1.0,2.0,false,get_random_metapopulation,300
236,0.3,20,0.39,0,true,1.0,2.0,false,get_random_metapopulation,300
237,0.5,20,0.39,0,true,1.0,2.0,false,get_random_metapopulation,300
238,0.7,20,0.39,0,true,1.0,2.0,false,get_random_metapopulation,300
239,0.9,20,0.39,0,true,1.0,2.0,false,get_random_metapopulation,300
240,1.2,20,0.39,0,true,1.0,2.0,false,get_random_metapopulation,300
241,0.1,20,0.4,0,true,1.0,2.0,false,get_random_metapopulation,300
242,0.3,20,0.4,0,true,1.0,2.0,false,get_random_metapopulation,300
243,0.5,20,0.4,0,true,1.0,2.0,false,get_random_metapopulation,300
244,0.7,20,0.4,0,true,1.0,2.0,false,get_random_metapopulation,300
245,0.9,20,0.4,0,true,1.0,2.0,false,get_random_metapopulation,300
246,1.2,20,0.4,0,true,1.0,2.0,false,get_random_metapopulation,300
247,0.1,20,0.41,0,true,1.0,2.0,false,get_random_metapopulation,300
248,0.3,20,0.41,0,true,1.0,2.0,false,get_random_metapopulation,300
249,0.5,20,0.41,0,true,1.0,2.0,false,get_random_metapopulation,300
250,0.7,20,0.41,0,true,1.0,2.0,false,get_random_metapopulation,300
251,0.9,20,0.41,0,true,1.0,2.0,false,get_random_metapopulation,300
252,1.2,20,0.41,0,true,1.0,2.0,false,get_random_metapopulation,300
253,0.1,20,0.42,0,true,1.0,2.0,false,get_random_metapopulation,300
254,0.3,20,0.42,0,true,1.0,2.0,false,get_random_metapopulation,300
255,0.5,20,0.42,0,true,1.0,2.0,false,get_random_metapopulation,300
256,0.7,20,0.42,0,true,1.0,2.0,false,get_random_metapopulation,300
257,0.9,20,0.42,0,true,1.0,2.0,false,get_random_metapopulation,300
258,1.2,20,0.42,0,true,1.0,2.0,false,get_random_metapopulation,300
259,0.1,20,0.43,0,true,1.0,2.0,false,get_random_metapopulation,300
260,0.3,20,0.43,0,true,1.0,2.0,false,get_random_metapopulation,300
261,0.5,20,0.43,0,true,1.0,2.0,false,get_random_metapopulation,300
262,0.7,20,0.43,0,true,1.0,2.0,false,get_random_metapopulation,300
263,0.9,20,0.43,0,true,1.0,2.0,false,get_random_metapopulation,300
264,1.2,20,0.43,0,true,1.0,2.0,false,get_random_metapopulation,300
265,0.1,20,0.44,0,true,1.0,2.0,false,get_random_metapopulation,300
266,0.3,20,0.44,0,true,1.0,2.0,false,get_random_metapopulation,300
267,0.5,20,0.44,0,true,1.0,2.0,false,get_random_metapopulation,300
268,0.7,20,0.44,0,true,1.0,2.0,false,get_random_metapopulation,300
269,0.9,20,0.44,0,true,1.0,2.0,false,get_random_metapopulation,300
270,1.2,20,0.44,0,true,1.0,2.0,false,get_random_metapopulation,300
271,0.1,20,0.45,0,true,1.0,2.0,false,get_random_metapopulation,300
272,0.3,20,0.45,0,true,1.0,2.0,false,get_random_metapopulation,300
273,0.5,20,0.45,0,true,1.0,2.0,false,get_random_metapopulation,300
274,0.7,20,0.45,0,true,1.0,2.0,false,get_random_metapopulation,300
275,0.9,20,0.45,0,true,1.0,2.0,false,get_random_metapopulation,300
276,1.2,20,0.45,0,true,1.0,2.0,false,get_random_metapopulation,300
277,0.1,20,0.46,0,true,1.0,2.0,false,get_random_metapopulation,300
278,0.3,20,0.46,0,true,1.0,2.0,false,get_random_metapopulation,300
279,0.5,20,0.46,0,true,1.0,2.0,false,get_random_metapopulation,300
280,0.7,20,0.46,0,true,1.0,2.0,false,get_random_metapopulation,300
281,0.9,20,0.46,0,true,1.0,2.0,false,get_random_metapopulation,300
282,1.2,20,0.46,0,true,1.0,2.0,false,get_random_metapopulation,300
283,0.1,20,0.47,0,true,1.0,2.0,false,get_random_metapopulation,300
284,0.3,20,0.47,0,true,1.0,2.0,false,get_random_metapopulation,300
285,0.5,20,0.47,0,true,1.0,2.0,false,get_random_metapopulation,300
286,0.7,20,0.47,0,true,1.0,2.0,false,get_random_metapopulation,300
287,0.9,20,0.47,0,true,1.0,2.0,false,get_random_metapopulation,300
288,1.2,20,0.47,0,true,1.0,2.0,false,get_random_metapopulation,300
289,0.1,20,0.48,0,true,1.0,2.0,false,get_random_metapopulation,300
290,0.3,20,0.48,0,true,1.0,2.0,false,get_random_metapopulation,300
291,0.5,20,0.48,0,true,1.0,2.0,false,get_random_metapopulation,300
292,0.7,20,0.48,0,true,1.0,2.0,false,get_random_metapopulation,300
293,0.9,20,0.48,0,true,1.0,2.0,false,get_random_metapopulation,300
294,1.2,20,0.48,0,true,1.0,2.0,false,get_random_metapopulation,300
295,0.1,20,0.49,0,true,1.0,2.0,false,get_random_metapopulation,300
296,0.3,20,0.49,0,true,1.0,2.0,false,get_random_metapopulation,300
297,0.5,20,0.49,0,true,1.0,2.0,false,get_random_metapopulation,300
298,0.7,20,0.49,0,true,1.0,2.0,false,get_random_metapopulation,300
299,0.9,20,0.49,0,true,1.0,2.0,false,get_random_metapopulation,300
300,1.2,20,0.49,0,true,1.0,2.0,false,get_random_metapopulation,300
301,0.1,20,0.5,0,true,1.0,2.0,false,get_random_metapopulation,300
302,0.3,20,0.5,0,true,1.0,2.0,false,get_random_metapopulation,300
303,0.5,20,0.5,0,true,1.0,2.0,false,get_random_metapopulation,300
304,0.7,20,0.5,0,true,1.0,2.0,false,get_random_metapopulation,300
305,0.9,20,0.5,0,true,1.0,2.0,false,get_random_metapopulation,300
306,1.2,20,0.5,0,true,1.0,2.0,false,get_random_metapopulation,300
307,0.1,20,0.51,0,true,1.0,2.0,false,get_random_metapopulation,300
308,0.3,20,0.51,0,true,1.0,2.0,false,get_random_metapopulation,300
309,0.5,20,0.51,0,true,1.0,2.0,false,get_random_metapopulation,300
310,0.7,20,0.51,0,true,1.0,2.0,false,get_random_metapopulation,300
311,0.9,20,0.51,0,true,1.0,2.0,false,get_random_metapopulation,300
312,1.2,20,0.51,0,true,1.0,2.0,false,get_random_metapopulation,300
313,0.1,20,0.52,0,true,1.0,2.0,false,get_random_metapopulation,300
314,0.3,20,0.52,0,true,1.0,2.0,false,get_random_metapopulation,300
315,0.5,20,0.52,0,true,1.0,2.0,false,get_random_metapopulation,300
316,0.7,20,0.52,0,true,1.0,2.0,false,get_random_metapopulation,300
317,0.9,20,0.52,0,true,1.0,2.0,false,get_random_metapopulation,300
318,1.2,20,0.52,0,true,1.0,2.0,false,get_random_metapopulation,300
319,0.1,20,0.53,0,true,1.0,2.0,false,get_random_metapopulation,300
320,0.3,20,0.53,0,true,1.0,2.0,false,get_random_metapopulation,300
321,0.5,20,0.53,0,true,1.0,2.0,false,get_random_metapopulation,300
322,0.7,20,0.53,0,true,1.0,2.0,false,get_random_metapopulation,300
323,0.9,20,0.53,0,true,1.0,2.0,false,get_random_metapopulation,300
324,1.2,20,0.53,0,true,1.0,2.0,false,get_random_metapopulation,300
325,0.1,20,0.54,0,true,1.0,2.0,false,get_random_metapopulation,300
326,0.3,20,0.54,0,true,1.0,2.0,false,get_random_metapopulation,300
327,0.5,20,0.54,0,true,1.0,2.0,false,get_random_metapopulation,300
328,0.7,20,0.54,0,true,1.0,2.0,false,get_random_metapopulation,300
329,0.9,20,0.54,0,true,1.0,2.0,false,get_random_metapopulation,300
330,1.2,20,0.54,0,true,1.0,2.0,false,get_random_metapopulation,300
331,0.1,20,0.55,0,true,1.0,2.0,false,get_random_metapopulation,300
332,0.3,20,0.55,0,true,1.0,2.0,false,get_random_metapopulation,300
333,0.5,20,0.55,0,true,1.0,2.0,false,get_random_metapopulation,300
334,0.7,20,0.55,0,true,1.0,2.0,false,get_random_metapopulation,300
335,0.9,20,0.55,0,true,1.0,2.0,false,get_random_metapopulation,300
336,1.2,20,0.55,0,true,1.0,2.0,false,get_random_metapopulation,300
337,0.1,20,0.56,0,true,1.0,2.0,false,get_random_metapopulation,300
338,0.3,20,0.56,0,true,1.0,2.0,false,get_random_metapopulation,300
339,0.5,20,0.56,0,true,1.0,2.0,false,get_random_metapopulation,300
340,0.7,20,0.56,0,true,1.0,2.0,false,get_random_metapopulation,300
341,0.9,20,0.56,0,true,1.0,2.0,false,get_random_metapopulation,300
342,1.2,20,0.56,0,true,1.0,2.0,false,get_random_metapopulation,300
343,0.1,20,0.57,0,true,1.0,2.0,false,get_random_metapopulation,300
344,0.3,20,0.57,0,true,1.0,2.0,false,get_random_metapopulation,300
345,0.5,20,0.57,0,true,1.0,2.0,false,get_random_metapopulation,300
346,0.7,20,0.57,0,true,1.0,2.0,false,get_random_metapopulation,300
347,0.9,20,0.57,0,true,1.0,2.0,false,get_random_metapopulation,300
348,1.2,20,0.57,0,true,1.0,2.0,false,get_random_metapopulation,300
349,0.1,20,0.58,0,true,1.0,2.0,false,get_random_metapopulation,300
350,0.3,20,0.58,0,true,1.0,2.0,false,get_random_metapopulation,300
351,0.5,20,0.58,0,true,1.0,2.0,false,get_random_metapopulation,300
352,0.7,20,0.58,0,true,1.0,2.0,false,get_random_metapopulation,300
353,0.9,20,0.58,0,true,1.0,2.0,false,get_random_metapopulation,300
354,1.2,20,0.58,0,true,1.0,2.0,false,get_random_metapopulation,300
355,0.1,20,0.59,0,true,1.0,2.0,false,get_random_metapopulation,300
356,0.3,20,0.59,0,true,1.0,2.0,false,get_random_metapopulation,300
357,0.5,20,0.59,0,true,1.0,2.0,false,get_random_metapopulation,300
358,0.7,20,0.59,0,true,1.0,2.0,false,get_random_metapopulation,300
359,0.9,20,0.59,0,true,1.0,2.0,false,get_random_metapopulation,300
360,1.2,20,0.59,0,true,1.0,2.0,false,get_random_metapopulation,300
361,0.1,20,0.6,0,true,1.0,2.0,false,get_random_metapopulation,300
362,0.3,20,0.6,0,true,1.0,2.0,false,get_random_metapopulation,300
363,0.5,20,0.6,0,true,1.0,2.0,false,get_random_metapopulation,300
364,0.7,20,0.6,0,true,1.0,2.0,false,get_random_metapopulation,300
365,0.9,20,0.6,0,true,1.0,2.0,false,get_random_metapopulation,300
366,1.2,20,0.6,0,true,1.0,2.0,false,get_random_metapopulation,300
367,0.1,20,0.61,0,true,1.0,2.0,false,get_random_metapopulation,300
368,0.3,20,0.61,0,true,1.0,2.0,false,get_random_metapopulation,300
369,0.5,20,0.61,0,true,1.0,2.0,false,get_random_metapopulation,300
370,0.7,20,0.61,0,true,1.0,2.0,false,get_random_metapopulation,300
371,0.9,20,0.61,0,true,1.0,2.0,false,get_random_metapopulation,300
372,1.2,20,0.61,0,true,1.0,2.0,false,get_random_metapopulation,300
373,0.1,20,0.62,0,true,1.0,2.0,false,get_random_metapopulation,300
374,0.3,20,0.62,0,true,1.0,2.0,false,get_random_metapopulation,300
375,0.5,20,0.62,0,true,1.0,2.0,false,get_random_metapopulation,300
376,0.7,20,0.62,0,true,1.0,2.0,false,get_random_metapopulation,300
377,0.9,20,0.62,0,true,1.0,2.0,false,get_random_metapopulation,300
378,1.2,20,0.62,0,true,1.0,2.0,false,get_random_metapopulation,300
379,0.1,20,0.63,0,true,1.0,2.0,false,get_random_metapopulation,300
380,0.3,20,0.63,0,true,1.0,2.0,false,get_random_metapopulation,300
381,0.5,20,0.63,0,true,1.0,2.0,false,get_random_metapopulation,300
382,0.7,20,0.63,0,true,1.0,2.0,false,get_random_metapopulation,300
383,0.9,20,0.63,0,true,1.0,2.0,false,get_random_metapopulation,300
384,1.2,20,0.63,0,true,1.0,2.0,false,get_random_metapopulation,300
385,0.1,20,0.64,0,true,1.0,2.0,false,get_random_metapopulation,300
386,0.3,20,0.64,0,true,1.0,2.0,false,get_random_metapopulation,300
387,0.5,20,0.64,0,true,1.0,2.0,false,get_random_metapopulation,300
388,0.7,20,0.64,0,true,1.0,2.0,false,get_random_metapopulation,300
389,0.9,20,0.64,0,true,1.0,2.0,false,get_random_metapopulation,300
390,1.2,20,0.64,0,true,1.0,2.0,false,get_random_metapopulation,300
391,0.1,20,0.65,0,true,1.0,2.0,false,get_random_metapopulation,300
392,0.3,20,0.65,0,true,1.0,2.0,false,get_random_metapopulation,300
393,0.5,20,0.65,0,true,1.0,2.0,false,get_random_metapopulation,300
394,0.7,20,0.65,0,true,1.0,2.0,false,get_random_metapopulation,300
395,0.9,20,0.65,0,true,1.0,2.0,false,get_random_metapopulation,300
396,1.2,20,0.65,0,true,1.0,2.0,false,get_random_metapopulation,300
397,0.1,20,0.66,0,true,1.0,2.0,false,get_random_metapopulation,300
398,0.3,20,0.66,0,true,1.0,2.0,false,get_random_metapopulation,300
399,0.5,20,0.66,0,true,1.0,2.0,false,get_random_metapopulation,300
400,0.7,20,0.66,0,true,1.0,2.0,false,get_random_metapopulation,300
401,0.9,20,0.66,0,true,1.0,2.0,false,get_random_metapopulation,300
402,1.2,20,0.66,0,true,1.0,2.0,false,get_random_metapopulation,300
403,0.1,20,0.67,0,true,1.0,2.0,false,get_random_metapopulation,300
404,0.3,20,0.67,0,true,1.0,2.0,false,get_random_metapopulation,300
405,0.5,20,0.67,0,true,1.0,2.0,false,get_random_metapopulation,300
406,0.7,20,0.67,0,true,1.0,2.0,false,get_random_metapopulation,300
407,0.9,20,0.67,0,true,1.0,2.0,false,get_random_metapopulation,300
408,1.2,20,0.67,0,true,1.0,2.0,false,get_random_metapopulation,300
409,0.1,20,0.68,0,true,1.0,2.0,false,get_random_metapopulation,300
410,0.3,20,0.68,0,true,1.0,2.0,false,get_random_metapopulation,300
411,0.5,20,0.68,0,true,1.0,2.0,false,get_random_metapopulation,300
412,0.7,20,0.68,0,true,1.0,2.0,false,get_random_metapopulation,300
413,0.9,20,0.68,0,true,1.0,2.0,false,get_random_metapopulation,300
414,1.2,20,0.68,0,true,1.0,2.0,false,get_random_metapopulation,300
415,0.1,20,0.69,0,true,1.0,2.0,false,get_random_metapopulation,300
416,0.3,20,0.69,0,true,1.0,2.0,false,get_random_metapopulation,300
417,0.5,20,0.69,0,true,1.0,2.0,false,get_random_metapopulation,300
418,0.7,20,0.69,0,true,1.0,2.0,false,get_random_metapopulation,300
419,0.9,20,0.69,0,true,1.0,2.0,false,get_random_metapopulation,300
420,1.2,20,0.69,0,true,1.0,2.0,false,get_random_metapopulation,300
421,0.1,20,0.7,0,true,1.0,2.0,false,get_random_metapopulation,300
422,0.3,20,0.7,0,true,1.0,2.0,false,get_random_metapopulation,300
423,0.5,20,0.7,0,true,1.0,2.0,false,get_random_metapopulation,300
424,0.7,20,0.7,0,true,1.0,2.0,false,get_random_metapopulation,300
425,0.9,20,0.7,0,true,1.0,2.0,false,get_random_metapopulation,300
426,1.2,20,0.7,0,true,1.0,2.0,false,get_random_metapopulation,300
427,0.1,20,0.71,0,true,1.0,2.0,false,get_random_metapopulation,300
428,0.3,20,0.71,0,true,1.0,2.0,false,get_random_metapopulation,300
429,0.5,20,0.71,0,true,1.0,2.0,false,get_random_metapopulation,300
430,0.7,20,0.71,0,true,1.0,2.0,false,get_random_metapopulation,300
431,0.9,20,0.71,0,true,1.0,2.0,false,get_random_metapopulation,300
432,1.2,20,0.71,0,true,1.0,2.0,false,get_random_metapopulation,300
433,0.1,20,0.72,0,true,1.0,2.0,false,get_random_metapopulation,300
434,0.3,20,0.72,0,true,1.0,2.0,false,get_random_metapopulation,300
435,0.5,20,0.72,0,true,1.0,2.0,false,get_random_metapopulation,300
436,0.7,20,0.72,0,true,1.0,2.0,false,get_random_metapopulation,300
437,0.9,20,0.72,0,true,1.0,2.0,false,get_random_metapopulation,300
438,1.2,20,0.72,0,true,1.0,2.0,false,get_random_metapopulation,300
439,0.1,20,0.73,0,true,1.0,2.0,false,get_random_metapopulation,300
440,0.3,20,0.73,0,true,1.0,2.0,false,get_random_metapopulation,300
441,0.5,20,0.73,0,true,1.0,2.0,false,get_random_metapopulation,300
442,0.7,20,0.73,0,true,1.0,2.0,false,get_random_metapopulation,300
443,0.9,20,0.73,0,true,1.0,2.0,false,get_random_metapopulation,300
444,1.2,20,0.73,0,true,1.0,2.0,false,get_random_metapopulation,300
445,0.1,20,0.74,0,true,1.0,2.0,false,get_random_metapopulation,300
446,0.3,20,0.74,0,true,1.0,2.0,false,get_random_metapopulation,300
447,0.5,20,0.74,0,true,1.0,2.0,false,get_random_metapopulation,300
448,0.7,20,0.74,0,true,1.0,2.0,false,get_random_metapopulation,300
449,0.9,20,0.74,0,true,1.0,2.0,false,get_random_metapopulation,300
450,1.2,20,0.74,0,true,1.0,2.0,false,get_random_metapopulation,300
451,0.1,20,0.75,0,true,1.0,2.0,false,get_random_metapopulation,300
452,0.3,20,0.75,0,true,1.0,2.0,false,get_random_metapopulation,300
453,0.5,20,0.75,0,true,1.0,2.0,false,get_random_metapopulation,300
454,0.7,20,0.75,0,true,1.0,2.0,false,get_random_metapopulation,300
455,0.9,20,0.75,0,true,1.0,2.0,false,get_random_metapopulation,300
456,1.2,20,0.75,0,true,1.0,2.0,false,get_random_metapopulation,300
457,0.1,20,0.76,0,true,1.0,2.0,false,get_random_metapopulation,300
458,0.3,20,0.76,0,true,1.0,2.0,false,get_random_metapopulation,300
459,0.5,20,0.76,0,true,1.0,2.0,false,get_random_metapopulation,300
460,0.7,20,0.76,0,true,1.0,2.0,false,get_random_metapopulation,300
461,0.9,20,0.76,0,true,1.0,2.0,false,get_random_metapopulation,300
462,1.2,20,0.76,0,true,1.0,2.0,false,get_random_metapopulation,300
463,0.1,20,0.77,0,true,1.0,2.0,false,get_random_metapopulation,300
464,0.3,20,0.77,0,true,1.0,2.0,false,get_random_metapopulation,300
465,0.5,20,0.77,0,true,1.0,2.0,false,get_random_metapopulation,300
466,0.7,20,0.77,0,true,1.0,2.0,false,get_random_metapopulation,300
467,0.9,20,0.77,0,true,1.0,2.0,false,get_random_metapopulation,300
468,1.2,20,0.77,0,true,1.0,2.0,false,get_random_metapopulation,300
469,0.1,20,0.78,0,true,1.0,2.0,false,get_random_metapopulation,300
470,0.3,20,0.78,0,true,1.0,2.0,false,get_random_metapopulation,300
471,0.5,20,0.78,0,true,1.0,2.0,false,get_random_metapopulation,300
472,0.7,20,0.78,0,true,1.0,2.0,false,get_random_metapopulation,300
473,0.9,20,0.78,0,true,1.0,2.0,false,get_random_metapopulation,300
474,1.2,20,0.78,0,true,1.0,2.0,false,get_random_metapopulation,300
475,0.1,20,0.79,0,true,1.0,2.0,false,get_random_metapopulation,300
476,0.3,20,0.79,0,true,1.0,2.0,false,get_random_metapopulation,300
477,0.5,20,0.79,0,true,1.0,2.0,false,get_random_metapopulation,300
478,0.7,20,0.79,0,true,1.0,2.0,false,get_random_metapopulation,300
479,0.9,20,0.79,0,true,1.0,2.0,false,get_random_metapopulation,300
480,1.2,20,0.79,0,true,1.0,2.0,false,get_random_metapopulation,300
481,0.1,20,0.8,0,true,1.0,2.0,false,get_random_metapopulation,300
482,0.3,20,0.8,0,true,1.0,2.0,false,get_random_metapopulation,300
483,0.5,20,0.8,0,true,1.0,2.0,false,get_random_metapopulation,300
484,0.7,20,0.8,0,true,1.0,2.0,false,get_random_metapopulation,300
485,0.9,20,0.8,0,true,1.0,2.0,false,get_random_metapopulation,300
486,1.2,20,0.8,0,true,1.0,2.0,false,get_random_metapopulation,300
487,0.1,20,0.81,0,true,1.0,2.0,false,get_random_metapopulation,300
488,0.3,20,0.81,0,true,1.0,2.0,false,get_random_metapopulation,300
489,0.5,20,0.81,0,true,1.0,2.0,false,get_random_metapopulation,300
490,0.7,20,0.81,0,true,1.0,2.0,false,get_random_metapopulation,300
491,0.9,20,0.81,0,true,1.0,2.0,false,get_random_metapopulation,300
492,1.2,20,0.81,0,true,1.0,2.0,false,get_random_metapopulation,300
493,0.1,20,0.82,0,true,1.0,2.0,false,get_random_metapopulation,300
494,0.3,20,0.82,0,true,1.0,2.0,false,get_random_metapopulation,300
495,0.5,20,0.82,0,true,1.0,2.0,false,get_random_metapopulation,300
496,0.7,20,0.82,0,true,1.0,2.0,false,get_random_metapopulation,300
497,0.9,20,0.82,0,true,1.0,2.0,false,get_random_metapopulation,300
498,1.2,20,0.82,0,true,1.0,2.0,false,get_random_metapopulation,300
499,0.1,20,0.83,0,true,1.0,2.0,false,get_random_metapopulation,300
500,0.3,20,0.83,0,true,1.0,2.0,false,get_random_metapopulation,300
501,0.5,20,0.83,0,true,1.0,2.0,false,get_random_metapopulation,300
502,0.7,20,0.83,0,true,1.0,2.0,false,get_random_metapopulation,300
503,0.9,20,0.83,0,true,1.0,2.0,false,get_random_metapopulation,300
504,1.2,20,0.83,0,true,1.0,2.0,false,get_random_metapopulation,300
505,0.1,20,0.84,0,true,1.0,2.0,false,get_random_metapopulation,300
506,0.3,20,0.84,0,true,1.0,2.0,false,get_random_metapopulation,300
507,0.5,20,0.84,0,true,1.0,2.0,false,get_random_metapopulation,300
508,0.7,20,0.84,0,true,1.0,2.0,false,get_random_metapopulation,300
509,0.9,20,0.84,0,true,1.0,2.0,false,get_random_metapopulation,300
510,1.2,20,0.84,0,true,1.0,2.0,false,get_random_metapopulation,300
511,0.1,20,0.85,0,true,1.0,2.0,false,get_random_metapopulation,300
512,0.3,20,0.85,0,true,1.0,2.0,false,get_random_metapopulation,300
513,0.5,20,0.85,0,true,1.0,2.0,false,get_random_metapopulation,300
514,0.7,20,0.85,0,true,1.0,2.0,false,get_random_metapopulation,300
515,0.9,20,0.85,0,true,1.0,2.0,false,get_random_metapopulation,300
516,1.2,20,0.85,0,true,1.0,2.0,false,get_random_metapopulation,300
517,0.1,20,0.86,0,true,1.0,2.0,false,get_random_metapopulation,300
518,0.3,20,0.86,0,true,1.0,2.0,false,get_random_metapopulation,300
519,0.5,20,0.86,0,true,1.0,2.0,false,get_random_metapopulation,300
520,0.7,20,0.86,0,true,1.0,2.0,false,get_random_metapopulation,300
521,0.9,20,0.86,0,true,1.0,2.0,false,get_random_metapopulation,300
522,1.2,20,0.86,0,true,1.0,2.0,false,get_random_metapopulation,300
523,0.1,20,0.87,0,true,1.0,2.0,false,get_random_metapopulation,300
524,0.3,20,0.87,0,true,1.0,2.0,false,get_random_metapopulation,300
525,0.5,20,0.87,0,true,1.0,2.0,false,get_random_metapopulation,300
526,0.7,20,0.87,0,true,1.0,2.0,false,get_random_metapopulation,300
527,0.9,20,0.87,0,true,1.0,2.0,false,get_random_metapopulation,300
528,1.2,20,0.87,0,true,1.0,2.0,false,get_random_metapopulation,300
529,0.1,20,0.88,0,true,1.0,2.0,false,get_random_metapopulation,300
530,0.3,20,0.88,0,true,1.0,2.0,false,get_random_metapopulation,300
531,0.5,20,0.88,0,true,1.0,2.0,false,get_random_metapopulation,300
532,0.7,20,0.88,0,true,1.0,2.0,false,get_random_metapopulation,300
533,0.9,20,0.88,0,true,1.0,2.0,false,get_random_metapopulation,300
534,1.2,20,0.88,0,true,1.0,2.0,false,get_random_metapopulation,300
535,0.1,20,0.89,0,true,1.0,2.0,false,get_random_metapopulation,300
536,0.3,20,0.89,0,true,1.0,2.0,false,get_random_metapopulation,300
537,0.5,20,0.89,0,true,1.0,2.0,false,get_random_metapopulation,300
538,0.7,20,0.89,0,true,1.0,2.0,false,get_random_metapopulation,300
539,0.9,20,0.89,0,true,1.0,2.0,false,get_random_metapopulation,300
540,1.2,20,0.89,0,true,1.0,2.0,false,get_random_metapopulation,300
541,0.1,20,0.9,0,true,1.0,2.0,false,get_random_metapopulation,300
542,0.3,20,0.9,0,true,1.0,2.0,false,get_random_metapopulation,300
543,0.5,20,0.9,0,true,1.0,2.0,false,get_random_metapopulation,300
544,0.7,20,0.9,0,true,1.0,2.0,false,get_random_metapopulation,300
545,0.9,20,0.9,0,true,1.0,2.0,false,get_random_metapopulation,300
546,1.2,20,0.9,0,true,1.0,2.0,false,get_random_metapopulation,300
547,0.1,20,0.91,0,true,1.0,2.0,false,get_random_metapopulation,300
548,0.3,20,0.91,0,true,1.0,2.0,false,get_random_metapopulation,300
549,0.5,20,0.91,0,true,1.0,2.0,false,get_random_metapopulation,300
550,0.7,20,0.91,0,true,1.0,2.0,false,get_random_metapopulation,300
551,0.9,20,0.91,0,true,1.0,2.0,false,get_random_metapopulation,300
552,1.2,20,0.91,0,true,1.0,2.0,false,get_random_metapopulation,300
553,0.1,20,0.92,0,true,1.0,2.0,false,get_random_metapopulation,300
554,0.3,20,0.92,0,true,1.0,2.0,false,get_random_metapopulation,300
555,0.5,20,0.92,0,true,1.0,2.0,false,get_random_metapopulation,300
556,0.7,20,0.92,0,true,1.0,2.0,false,get_random_metapopulation,300
557,0.9,20,0.92,0,true,1.0,2.0,false,get_random_metapopulation,300
558,1.2,20,0.92,0,true,1.0,2.0,false,get_random_metapopulation,300
559,0.1,20,0.93,0,true,1.0,2.0,false,get_random_metapopulation,300
560,0.3,20,0.93,0,true,1.0,2.0,false,get_random_metapopulation,300
561,0.5,20,0.93,0,true,1.0,2.0,false,get_random_metapopulation,300
562,0.7,20,0.93,0,true,1.0,2.0,false,get_random_metapopulation,300
563,0.9,20,0.93,0,true,1.0,2.0,false,get_random_metapopulation,300
564,1.2,20,0.93,0,true,1.0,2.0,false,get_random_metapopulation,300
565,0.1,20,0.94,0,true,1.0,2.0,false,get_random_metapopulation,300
566,0.3,20,0.94,0,true,1.0,2.0,false,get_random_metapopulation,300
567,0.5,20,0.94,0,true,1.0,2.0,false,get_random_metapopulation,300
568,0.7,20,0.94,0,true,1.0,2.0,false,get_random_metapopulation,300
569,0.9,20,0.94,0,true,1.0,2.0,false,get_random_metapopulation,300
570,1.2,20,0.94,0,true,1.0,2.0,false,get_random_metapopulation,300
571,0.1,20,0.95,0,true,1.0,2.0,false,get_random_metapopulation,300
572,0.3,20,0.95,0,true,1.0,2.0,false,get_random_metapopulation,300
573,0.5,20,0.95,0,true,1.0,2.0,false,get_random_metapopulation,300
574,0.7,20,0.95,0,true,1.0,2.0,false,get_random_metapopulation,300
575,0.9,20,0.95,0,true,1.0,2.0,false,get_random_metapopulation,300
576,1.2,20,0.95,0,true,1.0,2.0,false,get_random_metapopulation,300
577,0.1,20,0.96,0,true,1.0,2.0,false,get_random_metapopulation,300
578,0.3,20,0.96,0,true,1.0,2.0,false,get_random_metapopulation,300
579,0.5,20,0.96,0,true,1.0,2.0,false,get_random_metapopulation,300
580,0.7,20,0.96,0,true,1.0,2.0,false,get_random_metapopulation,300
581,0.9,20,0.96,0,true,1.0,2.0,false,get_random_metapopulation,300
582,1.2,20,0.96,0,true,1.0,2.0,false,get_random_metapopulation,300
583,0.1,20,0.97,0,true,1.0,2.0,false,get_random_metapopulation,300
584,0.3,20,0.97,0,true,1.0,2.0,false,get_random_metapopulation,300
585,0.5,20,0.97,0,true,1.0,2.0,false,get_random_metapopulation,300
586,0.7,20,0.97,0,true,1.0,2.0,false,get_random_metapopulation,300
587,0.9,20,0.97,0,true,1.0,2.0,false,get_random_metapopulation,300
588,1.2,20,0.97,0,true,1.0,2.0,false,get_random_metapopulation,300
589,0.1,20,0.98,0,true,1.0,2.0,false,get_random_metapopulation,300
590,0.3,20,0.98,0,true,1.0,2.0,false,get_random_metapopulation,300
591,0.5,20,0.98,0,true,1.0,2.0,false,get_random_metapopulation,300
592,0.7,20,0.98,0,true,1.0,2.0,false,get_random_metapopulation,300
593,0.9,20,0.98,0,true,1.0,2.0,false,get_random_metapopulation,300
594,1.2,20,0.98,0,true,1.0,2.0,false,get_random_metapopulation,300
595,0.1,20,0.99,0,true,1.0,2.0,false,get_random_metapopulation,300
596,0.3,20,0.99,0,true,1.0,2.0,false,get_random_metapopulation,300
597,0.5,20,0.99,0,true,1.0,2.0,false,get_random_metapopulation,300
598,0.7,20,0.99,0,true,1.0,2.0,false,get_random_metapopulation,300
599,0.9,20,0.99,0,true,1.0,2.0,false,get_random_metapopulation,300
600,1.2,20,0.99,0,true,1.0,2.0,false,get_random_metapopulation,300
601,0.1,20,1.0,0,true,1.0,2.0,false,get_random_metapopulation,300
602,0.3,20,1.0,0,true,1.0,2.0,false,get_random_metapopulation,300
603,0.5,20,1.0,0,true,1.0,2.0,false,get_random_metapopulation,300
604,0.7,20,1.0,0,true,1.0,2.0,false,get_random_metapopulation,300
605,0.9,20,1.0,0,true,1.0,2.0,false,get_random_metapopulation,300
606,1.2,20,1.0,0,true,1.0,2.0,false,get_random_metapopulation,300
